-- phpMyAdmin SQL Dump
-- version 5.2.0
-- https://www.phpmyadmin.net/
--
-- Host: 127.0.0.1
-- Generation Time: Oct 30, 2023 at 07:17 PM
-- Server version: 10.4.27-MariaDB
-- PHP Version: 8.1.12

SET SQL_MODE = "NO_AUTO_VALUE_ON_ZERO";
START TRANSACTION;
SET time_zone = "+00:00";


/*!40101 SET @OLD_CHARACTER_SET_CLIENT=@@CHARACTER_SET_CLIENT */;
/*!40101 SET @OLD_CHARACTER_SET_RESULTS=@@CHARACTER_SET_RESULTS */;
/*!40101 SET @OLD_COLLATION_CONNECTION=@@COLLATION_CONNECTION */;
/*!40101 SET NAMES utf8mb4 */;

--
-- Database: `obtbms`
--

-- --------------------------------------------------------

--
-- Table structure for table `bus`
--

CREATE OR REPLACE TABLE `bus` (
  `bus_id` int(11) NOT NULL,
  `type_id` int(11) NOT NULL,
  `license_plate` varchar(255) NOT NULL,
  `brand` varchar(255) DEFAULT NULL
) ENGINE=InnoDB DEFAULT CHARSET=utf8mb4 COLLATE=utf8mb4_general_ci;

--
-- Dumping data for table `bus`
--

INSERT INTO `bus` (`bus_id`, `type_id`, `license_plate`, `brand`) VALUES
(1, 1, '66A-000.10', 'Hyundai'),
(4, 1, '66A-000.11', 'Hyundai'),
(5, 1, '66A-000.12', 'Hyundai'),
(6, 1, '66A-000.13', 'Hyundai'),
(7, 1, '66A-000.14', 'Hyundai'),
(8, 1, '66A-000.15', 'Hyundai'),
(9, 1, '66A-000.16', 'Hyundai'),
(10, 1, '66A-000.17', 'Hyundai'),
(11, 1, '66A-000.18', 'Hyundai'),
(12, 1, '66A-000.19', 'Hyundai'),
(13, 2, '66A-000.20', 'Hyundai'),
(14, 2, '66A-000.21', 'Hyundai'),
(15, 2, '66A-000.22', 'Hyundai'),
(16, 2, '66A-000.23', 'Hyundai'),
(17, 2, '66A-000.24', 'Hyundai'),
(18, 2, '66A-000.25', 'Hyundai'),
(19, 2, '66A-000.26', 'Hyundai'),
(20, 2, '66A-000.27', 'Hyundai'),
(21, 2, '66A-000.28', 'Hyundai'),
(22, 2, '66A-000.29', 'Hyundai'),
(23, 3, '66A-000.30', 'Hyundai'),
(24, 3, '66A-000.31', 'Hyundai'),
(25, 3, '66A-000.32', 'Hyundai'),
(26, 3, '66A-000.33', 'Hyundai'),
(27, 3, '66A-000.34', 'Hyundai'),
(28, 3, '66A-000.35', 'Hyundai'),
(29, 3, '66A-000.36', 'Hyundai'),
(30, 3, '66A-000.37', 'Hyundai'),
(31, 3, '66A-000.38', 'Hyundai'),
(32, 3, '66A-000.39', 'Hyundai');

-- --------------------------------------------------------

--
-- Table structure for table `bus_type`
--

CREATE OR REPLACE TABLE `bus_type` (
  `type_id` int(11) NOT NULL,
  `type_name` varchar(255) NOT NULL,
  `seat_count` int(11) NOT NULL
) ENGINE=InnoDB DEFAULT CHARSET=utf8mb4 COLLATE=utf8mb4_general_ci;

--
-- Dumping data for table `bus_type`
--

INSERT INTO `bus_type` (`type_id`, `type_name`, `seat_count`) VALUES
(1, 'Limousine', 34),
(2, 'Giường', 44),
(3, 'Ghế', 28);

-- --------------------------------------------------------

--
-- Table structure for table `dates`
--

CREATE OR REPLACE TABLE `dates` (
  `date_id` int(11) NOT NULL,
  `date` date NOT NULL
) ENGINE=InnoDB DEFAULT CHARSET=utf8mb4 COLLATE=utf8mb4_general_ci;

--
-- Dumping data for table `dates`
--

INSERT INTO `dates` (`date_id`, `date`) VALUES
(1, '2023-01-01'),
(2, '2023-01-02'),
(3, '2023-01-03'),
(4, '2023-01-04'),
(5, '2023-01-05'),
(6, '2023-01-06'),
(7, '2023-01-07'),
(8, '2023-01-08'),
(9, '2023-01-09'),
(10, '2023-01-10'),
(11, '2023-01-11'),
(12, '2023-01-12'),
(13, '2023-01-13'),
(14, '2023-01-14'),
(15, '2023-01-15'),
(16, '2023-01-16'),
(17, '2023-01-17'),
(18, '2023-01-18'),
(19, '2023-01-19'),
(20, '2023-01-20'),
(21, '2023-01-21'),
(22, '2023-01-22'),
(23, '2023-01-23'),
(24, '2023-01-24'),
(25, '2023-01-25'),
(26, '2023-01-26'),
(27, '2023-01-27'),
(28, '2023-01-28'),
(29, '2023-01-29'),
(30, '2023-01-30'),
(31, '2023-01-31'),
(32, '2023-02-01'),
(33, '2023-02-02'),
(34, '2023-02-03'),
(35, '2023-02-04'),
(36, '2023-02-05'),
(37, '2023-02-06'),
(38, '2023-02-07'),
(39, '2023-02-08'),
(40, '2023-02-09'),
(41, '2023-02-10'),
(42, '2023-02-11'),
(43, '2023-02-12'),
(44, '2023-02-13'),
(45, '2023-02-14'),
(46, '2023-02-15'),
(47, '2023-02-16'),
(48, '2023-02-17'),
(49, '2023-02-18'),
(50, '2023-02-19'),
(51, '2023-02-20'),
(52, '2023-02-21'),
(53, '2023-02-22'),
(54, '2023-02-23'),
(55, '2023-02-24'),
(56, '2023-02-25'),
(57, '2023-02-26'),
(58, '2023-02-27'),
(59, '2023-02-28'),
(60, '2023-03-01'),
(61, '2023-03-02'),
(62, '2023-03-03'),
(63, '2023-03-04'),
(64, '2023-03-05'),
(65, '2023-03-06'),
(66, '2023-03-07'),
(67, '2023-03-08'),
(68, '2023-03-09'),
(69, '2023-03-10'),
(70, '2023-03-11'),
(71, '2023-03-12'),
(72, '2023-03-13'),
(73, '2023-03-14'),
(74, '2023-03-15'),
(75, '2023-03-16'),
(76, '2023-03-17'),
(77, '2023-03-18'),
(78, '2023-03-19'),
(79, '2023-03-20'),
(80, '2023-03-21'),
(81, '2023-03-22'),
(82, '2023-03-23'),
(83, '2023-03-24'),
(84, '2023-03-25'),
(85, '2023-03-26'),
(86, '2023-03-27'),
(87, '2023-03-28'),
(88, '2023-03-29'),
(89, '2023-03-30'),
(90, '2023-03-31'),
(91, '2023-04-01'),
(92, '2023-04-02'),
(93, '2023-04-03'),
(94, '2023-04-04'),
(95, '2023-04-05'),
(96, '2023-04-06'),
(97, '2023-04-07'),
(98, '2023-04-08'),
(99, '2023-04-09'),
(100, '2023-04-10'),
(101, '2023-04-11'),
(102, '2023-04-12'),
(103, '2023-04-13'),
(104, '2023-04-14'),
(105, '2023-04-15'),
(106, '2023-04-16'),
(107, '2023-04-17'),
(108, '2023-04-18'),
(109, '2023-04-19'),
(110, '2023-04-20'),
(111, '2023-04-21'),
(112, '2023-04-22'),
(113, '2023-04-23'),
(114, '2023-04-24'),
(115, '2023-04-25'),
(116, '2023-04-26'),
(117, '2023-04-27'),
(118, '2023-04-28'),
(119, '2023-04-29'),
(120, '2023-04-30'),
(121, '2023-05-01'),
(122, '2023-05-02'),
(123, '2023-05-03'),
(124, '2023-05-04'),
(125, '2023-05-05'),
(126, '2023-05-06'),
(127, '2023-05-07'),
(128, '2023-05-08'),
(129, '2023-05-09'),
(130, '2023-05-10'),
(131, '2023-05-11'),
(132, '2023-05-12'),
(133, '2023-05-13'),
(134, '2023-05-14'),
(135, '2023-05-15'),
(136, '2023-05-16'),
(137, '2023-05-17'),
(138, '2023-05-18'),
(139, '2023-05-19'),
(140, '2023-05-20'),
(141, '2023-05-21'),
(142, '2023-05-22'),
(143, '2023-05-23'),
(144, '2023-05-24'),
(145, '2023-05-25'),
(146, '2023-05-26'),
(147, '2023-05-27'),
(148, '2023-05-28'),
(149, '2023-05-29'),
(150, '2023-05-30'),
(151, '2023-05-31'),
(152, '2023-06-01'),
(153, '2023-06-02'),
(154, '2023-06-03'),
(155, '2023-06-04'),
(156, '2023-06-05'),
(157, '2023-06-06'),
(158, '2023-06-07'),
(159, '2023-06-08'),
(160, '2023-06-09'),
(161, '2023-06-10'),
(162, '2023-06-11'),
(163, '2023-06-12'),
(164, '2023-06-13'),
(165, '2023-06-14'),
(166, '2023-06-15'),
(167, '2023-06-16'),
(168, '2023-06-17'),
(169, '2023-06-18'),
(170, '2023-06-19'),
(171, '2023-06-20'),
(172, '2023-06-21'),
(173, '2023-06-22'),
(174, '2023-06-23'),
(175, '2023-06-24'),
(176, '2023-06-25'),
(177, '2023-06-26'),
(178, '2023-06-27'),
(179, '2023-06-28'),
(180, '2023-06-29'),
(181, '2023-06-30'),
(182, '2023-07-01'),
(183, '2023-07-02'),
(184, '2023-07-03'),
(185, '2023-07-04'),
(186, '2023-07-05'),
(187, '2023-07-06'),
(188, '2023-07-07'),
(189, '2023-07-08'),
(190, '2023-07-09'),
(191, '2023-07-10'),
(192, '2023-07-11'),
(193, '2023-07-12'),
(194, '2023-07-13'),
(195, '2023-07-14'),
(196, '2023-07-15'),
(197, '2023-07-16'),
(198, '2023-07-17'),
(199, '2023-07-18'),
(200, '2023-07-19'),
(201, '2023-07-20'),
(202, '2023-07-21'),
(203, '2023-07-22'),
(204, '2023-07-23'),
(205, '2023-07-24'),
(206, '2023-07-25'),
(207, '2023-07-26'),
(208, '2023-07-27'),
(209, '2023-07-28'),
(210, '2023-07-29'),
(211, '2023-07-30'),
(212, '2023-07-31'),
(213, '2023-08-01'),
(214, '2023-08-02'),
(215, '2023-08-03'),
(216, '2023-08-04'),
(217, '2023-08-05'),
(218, '2023-08-06'),
(219, '2023-08-07'),
(220, '2023-08-08'),
(221, '2023-08-09'),
(222, '2023-08-10'),
(223, '2023-08-11'),
(224, '2023-08-12'),
(225, '2023-08-13'),
(226, '2023-08-14'),
(227, '2023-08-15'),
(228, '2023-08-16'),
(229, '2023-08-17'),
(230, '2023-08-18'),
(231, '2023-08-19'),
(232, '2023-08-20'),
(233, '2023-08-21'),
(234, '2023-08-22'),
(235, '2023-08-23'),
(236, '2023-08-24'),
(237, '2023-08-25'),
(238, '2023-08-26'),
(239, '2023-08-27'),
(240, '2023-08-28'),
(241, '2023-08-29'),
(242, '2023-08-30'),
(243, '2023-08-31'),
(244, '2023-09-01'),
(245, '2023-09-02'),
(246, '2023-09-03'),
(247, '2023-09-04'),
(248, '2023-09-05'),
(249, '2023-09-06'),
(250, '2023-09-07'),
(251, '2023-09-08'),
(252, '2023-09-09'),
(253, '2023-09-10'),
(254, '2023-09-11'),
(255, '2023-09-12'),
(256, '2023-09-13'),
(257, '2023-09-14'),
(258, '2023-09-15'),
(259, '2023-09-16'),
(260, '2023-09-17'),
(261, '2023-09-18'),
(262, '2023-09-19'),
(263, '2023-09-20'),
(264, '2023-09-21'),
(265, '2023-09-22'),
(266, '2023-09-23'),
(267, '2023-09-24'),
(268, '2023-09-25'),
(269, '2023-09-26'),
(270, '2023-09-27'),
(271, '2023-09-28'),
(272, '2023-09-29'),
(273, '2023-09-30'),
(274, '2023-10-01'),
(275, '2023-10-02'),
(276, '2023-10-03'),
(277, '2023-10-04'),
(278, '2023-10-05'),
(279, '2023-10-06'),
(280, '2023-10-07'),
(281, '2023-10-08'),
(282, '2023-10-09'),
(283, '2023-10-10'),
(284, '2023-10-11'),
(285, '2023-10-12'),
(286, '2023-10-13'),
(287, '2023-10-14'),
(288, '2023-10-15'),
(289, '2023-10-16'),
(290, '2023-10-17'),
(291, '2023-10-18'),
(292, '2023-10-19'),
(293, '2023-10-20'),
(294, '2023-10-21'),
(295, '2023-10-22'),
(296, '2023-10-23'),
(297, '2023-10-24'),
(298, '2023-10-25'),
(299, '2023-10-26'),
(300, '2023-10-27'),
(301, '2023-10-28'),
(302, '2023-10-29'),
(303, '2023-10-30'),
(304, '2023-10-31'),
(305, '2023-11-01'),
(306, '2023-11-02'),
(307, '2023-11-03'),
(308, '2023-11-04'),
(309, '2023-11-05'),
(310, '2023-11-06'),
(311, '2023-11-07'),
(312, '2023-11-08'),
(313, '2023-11-09'),
(314, '2023-11-10'),
(315, '2023-11-11'),
(316, '2023-11-12'),
(317, '2023-11-13'),
(318, '2023-11-14'),
(319, '2023-11-15'),
(320, '2023-11-16'),
(321, '2023-11-17'),
(322, '2023-11-18'),
(323, '2023-11-19'),
(324, '2023-11-20'),
(325, '2023-11-21'),
(326, '2023-11-22'),
(327, '2023-11-23'),
(328, '2023-11-24'),
(329, '2023-11-25'),
(330, '2023-11-26'),
(331, '2023-11-27'),
(332, '2023-11-28'),
(333, '2023-11-29'),
(334, '2023-11-30'),
(335, '2023-12-01'),
(336, '2023-12-02'),
(337, '2023-12-03'),
(338, '2023-12-04'),
(339, '2023-12-05'),
(340, '2023-12-06'),
(341, '2023-12-07'),
(342, '2023-12-08'),
(343, '2023-12-09'),
(344, '2023-12-10'),
(345, '2023-12-11'),
(346, '2023-12-12'),
(347, '2023-12-13'),
(348, '2023-12-14'),
(349, '2023-12-15'),
(350, '2023-12-16'),
(351, '2023-12-17'),
(352, '2023-12-18'),
(353, '2023-12-19'),
(354, '2023-12-20'),
(355, '2023-12-21'),
(356, '2023-12-22'),
(357, '2023-12-23'),
(358, '2023-12-24'),
(359, '2023-12-25'),
(360, '2023-12-26'),
(361, '2023-12-27'),
(362, '2023-12-28'),
(363, '2023-12-29'),
(364, '2023-12-30'),
(365, '2023-12-31');

-- --------------------------------------------------------

--
-- Table structure for table `driver`
--

CREATE OR REPLACE TABLE `driver` (
  `driver_id` int(11) NOT NULL,
  `email` varchar(255) NOT NULL,
  `driver_license` varchar(255) NOT NULL
) ENGINE=InnoDB DEFAULT CHARSET=utf8mb4 COLLATE=utf8mb4_general_ci;

--
-- Dumping data for table `driver`
--

INSERT INTO `driver` (`driver_id`, `email`, `driver_license`) VALUES
(1, 'anhhoang@gmail.com', 'E'),
(2, 'anhnam@gmail.com', 'E'),
(3, 'congbinh@gmail.com', 'E'),
(4, 'duyhuy@gmail.com', 'E'),
(5, 'duyhuynh@gmail.com', 'E'),
(6, 'giathinh@gmail.com', 'E'),
(7, 'hoangduy@gmail.com', 'E'),
(8, 'hoangthang@gmail.com', 'E'),
(9, 'hoathu@gmail.com', 'E'),
(10, 'hongson@gmail.com', 'E'),
(11, 'huulong@gmail.com', 'E'),
(12, 'huutri@gmail.com', 'E'),
(13, 'huyphuoc@gmail.com', 'E'),
(14, 'khanh@gmail.com', 'E'),
(15, 'luuthienviet@gmail.com', 'E'),
(16, 'ngoc@gmail.com', 'E'),
(17, 'nhatlinh@gmail.com', 'E'),
(18, 'phamanh@gmail.com', 'E'),
(19, 'phonghao@gmail.com', 'E'),
(20, 'quocdat@gmail.com', 'E'),
(21, 'quochai@gmail.com', 'E'),
(22, 'sibe@gmail.com', 'E'),
(23, 'thaike@gmail.com', 'E'),
(24, 'thaitrieu@gmail.com', 'E'),
(25, 'thanhlam@gmail.com', 'E'),
(26, 'thienviet@gmail.com', 'E'),
(27, 'tuankhoa@gmail.com', 'E'),
(28, 'vanphap@gmail.com', 'E'),
(29, 'vantra@gmail.com', 'E'),
(30, 'xuanphu@gmail.com', 'E');

-- --------------------------------------------------------

--
-- Table structure for table `driver_bus`
--

CREATE OR REPLACE TABLE `driver_bus` (
  `driver_id` int(11) NOT NULL,
  `bus_id` int(11) NOT NULL,
  `start_time` date NOT NULL DEFAULT current_timestamp(),
  `end_time` date DEFAULT NULL
) ENGINE=InnoDB DEFAULT CHARSET=utf8mb4 COLLATE=utf8mb4_general_ci;

--
-- Dumping data for table `driver_bus`
--

INSERT INTO `driver_bus` (`driver_id`, `bus_id`, `start_time`, `end_time`) VALUES
(1, 1, '2023-08-28', NULL),
(2, 4, '2023-08-28', NULL),
(3, 5, '2023-08-28', NULL),
(4, 6, '2023-08-28', NULL),
(5, 7, '2023-08-28', NULL),
(6, 8, '2023-08-28', NULL),
(7, 9, '2023-08-28', NULL),
(8, 10, '2023-08-28', NULL),
(9, 11, '2023-08-28', NULL),
(10, 12, '2023-08-28', NULL),
(11, 13, '2023-08-28', NULL),
(12, 14, '2023-08-28', NULL),
(13, 15, '2023-08-28', NULL),
(14, 16, '2023-08-28', NULL),
(15, 17, '2023-08-28', NULL),
(16, 18, '2023-08-28', NULL),
(17, 19, '2023-08-28', NULL),
(18, 20, '2023-08-28', NULL),
(19, 21, '2023-08-28', NULL),
(20, 22, '2023-08-28', NULL),
(21, 23, '2023-08-28', NULL),
(22, 24, '2023-08-28', NULL),
(23, 25, '2023-08-28', NULL),
(24, 26, '2023-08-28', NULL),
(25, 27, '2023-08-28', NULL),
(26, 28, '2023-08-28', NULL),
(27, 29, '2023-08-28', NULL),
(28, 30, '2023-08-28', NULL),
(29, 31, '2023-08-28', NULL),
(30, 32, '2023-08-28', NULL);

-- --------------------------------------------------------

--
-- Table structure for table `location`
--

CREATE OR REPLACE TABLE `location` (
  `location_id` int(11) NOT NULL,
  `location_name` varchar(255) NOT NULL,
  `location_code` varchar(255) NOT NULL
) ENGINE=InnoDB DEFAULT CHARSET=utf8mb4 COLLATE=utf8mb4_general_ci;

--
-- Dumping data for table `location`
--

INSERT INTO `location` (`location_id`, `location_name`, `location_code`) VALUES
(1, 'Cần Thơ', 'CANTHO'),
(2, 'TP. Hồ Chí Minh', 'TPHCM'),
(4, 'Vũng Tàu', 'VUNGTAU'),
(3, 'Đà Lạt', 'DALAT'),
(6, 'Đà Nẵng', 'DANANG'),
(5, 'Đồng Tháp', 'DONGTHAP');

-- --------------------------------------------------------

--
-- Table structure for table `reset_password`
--

CREATE OR REPLACE TABLE `reset_password` (
  `email` varchar(255) NOT NULL,
  `reset_pwd_id` int(11) NOT NULL,
  `reset_pwd_token` varchar(255) NOT NULL,
  `expiration_time` bigint(20) NOT NULL
) ENGINE=InnoDB DEFAULT CHARSET=utf8mb4 COLLATE=utf8mb4_general_ci;

--
-- Dumping data for table `reset_password`
--

INSERT INTO `reset_password` (`email`, `reset_pwd_id`, `reset_pwd_token`, `expiration_time`) VALUES
('vantruongved02@gmail.com', 15, 'eSA5HfZvzaQbQ5RFuUy9KOP3W3VUR9H3', 1698687533710);

-- --------------------------------------------------------

--
-- Table structure for table `role`
--

CREATE OR REPLACE TABLE `role` (
  `role_id` int(11) NOT NULL,
  `role_name` varchar(255) NOT NULL
) ENGINE=InnoDB DEFAULT CHARSET=utf8mb4 COLLATE=utf8mb4_general_ci;

--
-- Dumping data for table `role`
--

INSERT INTO `role` (`role_id`, `role_name`) VALUES
(1, 'ROLE_ADMIN'),
(2, 'ROLE_EMPLOYEE'),
(3, 'ROLE_USER');

-- --------------------------------------------------------

--
-- Table structure for table `role_user`
--

CREATE OR REPLACE TABLE `role_user` (
  `role_id` int(11) NOT NULL,
  `email_user` varchar(255) NOT NULL
) ENGINE=InnoDB DEFAULT CHARSET=utf8mb4 COLLATE=utf8mb4_general_ci;

--
-- Dumping data for table `role_user`
--

INSERT INTO `role_user` (`role_id`, `email_user`) VALUES
(1, 'admin@gmail.com'),
(2, 'admin@gmail.com'),
(2, 'anhhoang@gmail.com'),
(2, 'anhnam@gmail.com'),
(2, 'congbinh@gmail.com'),
(2, 'duyhuy@gmail.com'),
(2, 'duyhuynh@gmail.com'),
(2, 'employee@gmail.com'),
(2, 'giathinh@gmail.com'),
(2, 'hoangduy@gmail.com'),
(2, 'hoangthang@gmail.com'),
(2, 'hoathu@gmail.com'),
(2, 'hongson@gmail.com'),
(2, 'huulong@gmail.com'),
(2, 'huutri@gmail.com'),
(2, 'huyphuoc@gmail.com'),
(2, 'khanh@gmail.com'),
(2, 'luuthienviet@gmail.com'),
(2, 'ngoc@gmail.com'),
(2, 'nhatlinh@gmail.com'),
(2, 'phamanh@gmail.com'),
(2, 'phonghao@gmail.com'),
(2, 'quocdat@gmail.com'),
(2, 'quochai@gmail.com'),
(2, 'sibe@gmail.com'),
(2, 'thaike@gmail.com'),
(2, 'thaitrieu@gmail.com'),
(2, 'thanhlam@gmail.com'),
(2, 'thienviet@gmail.com'),
(2, 'tuankhoa@gmail.com'),
(2, 'vanphap@gmail.com'),
(2, 'vantra@gmail.com'),
(2, 'xuanphu@gmail.com'),
(3, 'admin@gmail.com'),
(3, 'employee@gmail.com'),
(3, 'user@gmail.com'),
(3, 'vantruongved02@gmail.com');

-- --------------------------------------------------------

--
-- Table structure for table `route`
--

CREATE OR REPLACE TABLE `route` (
  `route_id` int(11) NOT NULL,
  `origin_id` int(50) NOT NULL,
  `destination_id` int(50) NOT NULL,
  `journey_duration` varchar(255) NOT NULL,
  `route_length` varchar(255) NOT NULL,
  `price` float DEFAULT NULL
) ENGINE=InnoDB DEFAULT CHARSET=utf8mb4 COLLATE=utf8mb4_general_ci;

--
-- Dumping data for table `route`
--

INSERT INTO `route` (`route_id`, `origin_id`, `destination_id`, `journey_duration`, `route_length`, `price`) VALUES
(1, 1, 2, '4 Giờ', '166km', 165000),
(2, 1, 3, '11 Giờ', '459km', 430000),
(3, 1, 4, '6 Giờ', '247km', 285000),
(4, 2, 1, '4 Giờ', '166km', 165000),
(5, 4, 1, '6 Giờ', '247km', 285000),
(6, 3, 1, '11 Giờ', '459km', 430000);

-- --------------------------------------------------------

--
-- Table structure for table `route_point`
--

CREATE OR REPLACE TABLE `route_point` (
  `location_id` int(11) NOT NULL,
  `point_id` int(11) NOT NULL,
  `point_name` varchar(255) NOT NULL,
  `address_detail` varchar(255) NOT NULL,
  `link_gg_map` varchar(255) NOT NULL
) ENGINE=InnoDB DEFAULT CHARSET=utf8mb4 COLLATE=utf8mb4_general_ci;

--
-- Dumping data for table `route_point`
--

INSERT INTO `route_point` (`location_id`, `point_id`, `point_name`, `address_detail`, `link_gg_map`) VALUES
(1, 1, 'Cần Thơ', 'VP Bến xe Trung Tâm Cần Thơ: P.Hưng Thạnh , Q. Cái Răng , TP.Cần Thơ', 'https://www.google.com/maps/search/VP%20B%E1%BA%BFn%20xe%20Trung%20T%C3%A2m%20C%E1%BA%A7n%20Th%C6%A1:%20P.H%C6%B0ng%20Th%E1%BA%A1nh%20,%20Q.%20C%C3%A1i%20R%C4%83ng%20,%20TP.C%E1%BA%A7n%20Th%C6%A1'),
(2, 2, 'BX Miền Đông Mới', '39448 Xa Lộ Hà Nội, Phường Long Bình, TP Thủ Đức, TPHCM', 'https://www.google.com/maps/place/39448+%C4%90.+V%C3%B5+Nguy%C3%AAn+Gi%C3%A1p,+Ph%C6%B0%E1%BB%9Dng+Linh+Trung,+Th%E1%BB%A7+%C4%90%E1%BB%A9c,+Th%C3%A0nh+ph%E1%BB%91+H%E1%BB%93+Ch%C3%AD+Minh/@10.8636141,106.7803881,13.48z/data=!4m6!3m5!1s0x31752765f7918839:'),
(2, 3, 'BX Miền Tây', 'VP BX Miền Tây: 395 Kinh Dương Vương , P.An Lạc , Q.Bình Tân , TP.HCM', 'https://www.google.com/maps/search/VP+BX+Mi%E1%BB%81n+T%C3%A2y:+395+Kinh+D%C6%B0%C6%A1ng+V%C6%B0%C6%A1ng+,+P.An+L%E1%BA%A1c+,+Q.B%C3%ACnh+T%C3%A2n+,+TP.HCM/@10.7409765,106.6188124,17z?entry=ttu'),
(5, 4, 'Cao Lãnh', 'QL30 An Định, Xã An Bình, Huyện Cao Lãnh, Đồng Tháp', 'https://www.google.com/maps/search/QL30+An+%C4%90%E1%BB%8Bnh,+X%C3%A3+An+B%C3%ACnh,+Huy%E1%BB%87n+Cao+L%C3%A3nh,+%C4%90%E1%BB%93ng+Th%C3%A1p/@10.4556321,105.66767,13.73z?entry=ttu'),
(3, 5, 'Đà Lạt', 'VP Đà Lạt, 01 Tô Hiến Thành , P.3 , TP.Đà Lạt, Lâm Đồng', 'https://www.google.com/maps/search/VP%20%C4%90%C3%A0%20L%E1%BA%A1t,%2001%20T%C3%B4%20Hi%E1%BA%BFn%20Th%C3%A0nh%20,%20P.3%20,%20TP.%C4%90%C3%A0%20L%E1%BA%A1t,%20L%C3%A2m%20%C4%90%E1%BB%93ng'),
(3, 6, 'Di Linh', 'VP Dinh Linh, 735 Hùng Vương, Thị Trấn Di Linh, Lâm Đồng', 'https://www.google.com/maps/place/Ph%C6%B0%C6%A1ng+Trang+FUTA+Express+Di+LInh/@11.5893084,108.0769385,16.46z/data=!4m14!1m7!3m6!1s0x3171567170603b6b:0x7b635a5ab5320541!2zVGjhur8gR2nhu5tpIERpIMSQ4buZbmc!8m2!3d11.5870898!4d108.0784901!16s%2Fg%2F11jcl82_w6!3'),
(4, 7, 'Vũng Tàu', 'VP Bến Xe Vũng Tàu 192 Nam Kỳ Khởi Nghĩa, P.Thắng Tam, TP.Vũng Tàu', 'https://www.google.com/maps/search/VP%20B%E1%BA%BFn%20Xe%20V%C5%A9ng%20T%C3%A0u%20192%20Nam%20K%E1%BB%B3%20Kh%E1%BB%9Fi%20Ngh%C4%A9a,%20P.Th%E1%BA%AFng%20Tam,%20TP.V%C5%A9ng%20T%C3%A0u'),
(4, 8, 'Ẹo Ông Từ', 'VP Ẹo Ông Từ, 1632 Đường 30/4 , P.12 , TP.Vũng Tàu', 'https://www.google.com/maps/place/%E1%BA%B8o+%C3%94ng+T%E1%BB%AB/@10.4256984,107.1539446,15.81z/data=!4m6!3m5!1s0x317573d0dd13df33:0xf4fa8e547608cb1f!8m2!3d10.4231759!4d107.1577758!16s%2Fg%2F1ptyp4gc7?entry=ttu'),
(4, 9, 'Bà Rịa', 'VP Bà Rịa, Bến Xe Bà Rịa QL51 , TP.Bà Rịa', 'https://www.google.com/maps/search/VP+B%C3%A0+R%E1%BB%8Ba,+B%E1%BA%BFn+Xe+B%C3%A0+R%E1%BB%8Ba+QL51+,+TP.B%C3%A0+R%E1%BB%8Ba/@10.4914932,107.1695642,17.19z?entry=ttu'),
(1, 10, 'Thốt Nốt', 'VP Thốt Nốt: Qui Thạnh 1, Trung Kiên, Thốt Nốt, Cần Thơ', 'https://www.google.com/maps/search/VP+Th%E1%BB%91t+N%E1%BB%91t:+Qui+Th%E1%BA%A1nh+1,+Trung+Ki%C3%AAn,+Th%E1%BB%91t+N%E1%BB%91t,+C%E1%BA%A7n+Th%C6%A1/@10.2679358,105.5097989,14.37z?entry=ttu'),
(1, 11, 'Ngã Ba Lộ Tẻ', 'KV Thới Hòa 1, P.Thới Thuận, Q.Thốt Nốt, Cần Thơ', 'https://www.google.com/maps/place/B%E1%BA%BFn+xe+L%E1%BB%99+T%E1%BA%BB+Th%E1%BB%91t+N%E1%BB%91t/@10.3147408,105.4861788,18.08z/data=!4m14!1m7!3m6!1s0x310a75164d6244eb:0x11a41379bc420163!2zVk5QVCBWaW5hUGhvbmUgVGjhu5F0IE7hu5F0!8m2!3d10.3149883!4d105.4877453'),
(1, 13, 'Ô Môn', 'Phường Châu Văn Liêm, Ô Môn, Cần Thơ', 'https://www.google.com/maps/place/B%E1%BA%BFn+Xe+Kh%C3%A1ch+%C3%94+M%C3%B4n/@10.0964776,105.6078068,13.73z/data=!4m15!1m8!3m7!1s0x31a084e9365d19e7:0xebe6c36047cc305d!2zQ2jDonUgVsSDbiBMacOqbSwgw5QgTcO0biwgQ-G6p24gVGjGoQ!3b1!8m2!3d10.1102235!4d105.6353878!1');

-- --------------------------------------------------------

--
-- Table structure for table `seat`
--

CREATE OR REPLACE TABLE `seat` (
  `seat_id` int(11) NOT NULL,
  `seat_code` varchar(255) DEFAULT NULL,
  `seat_status` varchar(255) DEFAULT NULL
) ENGINE=InnoDB DEFAULT CHARSET=utf8mb4 COLLATE=utf8mb4_general_ci;

--
-- Dumping data for table `seat`
--

INSERT INTO `seat` (`seat_id`, `seat_code`, `seat_status`) VALUES
(1, 'A01', NULL),
(2, 'A02', NULL),
(3, 'A03', NULL),
(4, 'A04', NULL),
(5, 'A05', NULL),
(6, 'A06', NULL),
(7, 'A07', NULL),
(8, 'A08', NULL),
(9, 'A09', NULL),
(10, 'A10', NULL),
(11, 'A11', NULL),
(12, 'A12', NULL),
(13, 'A13', NULL),
(14, 'A14', NULL),
(15, 'A15', NULL),
(16, 'A16', NULL),
(17, 'A17', NULL),
(18, 'A18', NULL),
(19, 'A19', NULL),
(20, 'A20', NULL),
(21, 'A21', NULL),
(22, 'A22', NULL),
(23, 'B01', NULL),
(24, 'B02', NULL),
(25, 'B03', NULL),
(26, 'B04', NULL),
(27, 'B05', NULL),
(28, 'B06', NULL),
(29, 'B07', NULL),
(30, 'B08', NULL),
(31, 'B09', NULL),
(32, 'B10', NULL),
(33, 'B11', NULL),
(34, 'B12', NULL),
(35, 'B13', NULL),
(36, 'B14', NULL),
(37, 'B15', NULL),
(38, 'B16', NULL),
(39, 'B17', NULL),
(40, 'B18', NULL),
(41, 'B19', NULL),
(42, 'B20', NULL),
(43, 'B21', NULL),
(44, 'B22', NULL);

-- --------------------------------------------------------

--
-- Table structure for table `ticket`
--

CREATE OR REPLACE TABLE `ticket` (
  `ticket_id` varchar(255) NOT NULL,
  `email` varchar(255) NOT NULL,
  `trip_id` int(11) NOT NULL,
  `total_price` float DEFAULT NULL,
  `notes` varchar(255) DEFAULT NULL,
  `trip_date` date NOT NULL,
  `pick_up_location` int(11) NOT NULL,
  `payment_method` varchar(255) NOT NULL,
  `status` enum('CANCELLED','SUCCESS') DEFAULT NULL,
  `booking_date` date NOT NULL DEFAULT current_timestamp()
) ENGINE=InnoDB DEFAULT CHARSET=utf8mb4 COLLATE=utf8mb4_general_ci;

--
-- Dumping data for table `ticket`
--

INSERT INTO `ticket` (`ticket_id`, `email`, `trip_id`, `total_price`, `notes`, `trip_date`, `pick_up_location`, `payment_method`, `status`, `booking_date`) VALUES
('61BKF5', 'vantruongved02@gmail.com', 1, 330000, '', '2023-11-28', 1, 'VN Pay', 'CANCELLED', '2023-10-22'),
('A410IH', 'user@gmail.com', 4, 92652000, NULL, '2023-04-08', 1, 'VN Pay', 'SUCCESS', '2023-01-01'),
('A411IH', 'user@gmail.com', 4, 2652000, NULL, '2023-04-09', 1, 'VN Pay', 'SUCCESS', '2023-01-01'),
('A412IH', 'user@gmail.com', 4, 2652000, NULL, '2023-04-09', 1, 'VN Pay', 'SUCCESS', '2023-01-01'),
('A413IH', 'user@gmail.com', 4, 292000, NULL, '2023-04-10', 1, 'VN Pay', 'SUCCESS', '2023-01-01'),
('A414IH', 'user@gmail.com', 4, 2452000, NULL, '2023-04-11', 1, 'VN Pay', 'SUCCESS', '2023-01-01'),
('A415IH', 'user@gmail.com', 4, 2652000, NULL, '2023-04-12', 1, 'VN Pay', 'SUCCESS', '2023-01-01'),
('A416IH', 'user@gmail.com', 4, 2652000, NULL, '2023-04-13', 1, 'VN Pay', 'SUCCESS', '2023-01-01'),
('A417IH', 'user@gmail.com', 4, 2652000, NULL, '2023-04-14', 1, 'VN Pay', 'SUCCESS', '2023-01-01'),
('A418IH', 'user@gmail.com', 4, 244452000, NULL, '2023-04-15', 1, 'VN Pay', 'SUCCESS', '2023-01-01'),
('A419IH', 'user@gmail.com', 4, 2652000, NULL, '2023-04-16', 1, 'VN Pay', 'SUCCESS', '2023-01-01'),
('A420IH', 'user@gmail.com', 4, 2652000, NULL, '2023-04-17', 1, 'VN Pay', 'SUCCESS', '2023-01-01'),
('A421IH', 'user@gmail.com', 4, 26652000, NULL, '2023-04-18', 1, 'VN Pay', 'SUCCESS', '2023-01-01'),
('A422IH', 'user@gmail.com', 4, 2452000, NULL, '2023-04-19', 1, 'VN Pay', 'SUCCESS', '2023-01-01'),
('A423IH', 'user@gmail.com', 4, 2452000, NULL, '2023-04-20', 1, 'VN Pay', 'SUCCESS', '2023-01-01'),
('A424IH', 'user@gmail.com', 4, 2652000, NULL, '2023-04-21', 1, 'VN Pay', 'SUCCESS', '2023-01-01'),
('A425IH', 'user@gmail.com', 4, 62652000, NULL, '2023-04-22', 1, 'VN Pay', 'SUCCESS', '2023-01-01'),
('A426IH', 'user@gmail.com', 4, 2652000, NULL, '2023-04-23', 1, 'VN Pay', 'CANCELLED', '2023-01-01'),
('A427IH', 'user@gmail.com', 4, 2452000, NULL, '2023-04-24', 1, 'VN Pay', 'CANCELLED', '2023-01-01'),
('A428IH', 'user@gmail.com', 4, 292000, NULL, '2023-04-25', 1, 'VN Pay', 'CANCELLED', '2023-01-01'),
('A429IH', 'user@gmail.com', 4, 2652000, NULL, '2023-04-26', 1, 'VN Pay', 'SUCCESS', '2023-01-01'),
('A430IH', 'user@gmail.com', 4, 2652000, NULL, '2023-04-27', 1, 'VN Pay', 'SUCCESS', '2023-01-01'),
('A431IH', 'user@gmail.com', 4, 2452000, NULL, '2023-04-28', 1, 'VN Pay', 'SUCCESS', '2023-01-01'),
('A432IH', 'user@gmail.com', 4, 2652000, NULL, '2023-04-29', 1, 'VN Pay', 'SUCCESS', '2023-01-01'),
('A433IH', 'user@gmail.com', 4, 292000, NULL, '2023-04-30', 1, 'VN Pay', 'SUCCESS', '2023-01-01'),
('A4O4IH', 'user@gmail.com', 4, 2652000, NULL, '2023-04-02', 1, 'VN Pay', 'SUCCESS', '2023-01-01'),
('A4O5IH', 'user@gmail.com', 4, 292000, NULL, '2023-04-03', 1, 'VN Pay', 'SUCCESS', '2023-01-01'),
('A4O6IH', 'user@gmail.com', 4, 2652000, NULL, '2023-04-04', 1, 'VN Pay', 'SUCCESS', '2023-01-01'),
('A4O7IH', 'user@gmail.com', 4, 2452000, NULL, '2023-04-05', 1, 'VN Pay', 'SUCCESS', '2023-01-01'),
('A4O8IH', 'user@gmail.com', 4, 292000, NULL, '2023-04-06', 1, 'VN Pay', 'SUCCESS', '2023-01-01'),
('A4O9IH', 'user@gmail.com', 4, 2652000, NULL, '2023-04-07', 1, 'VN Pay', 'SUCCESS', '2023-01-01'),
('B410IH', 'user@gmail.com', 5, 2652000, NULL, '2023-05-08', 1, 'VN Pay', 'SUCCESS', '2023-01-01'),
('B411IH', 'user@gmail.com', 5, 2652000, NULL, '2023-05-09', 1, 'VN Pay', 'SUCCESS', '2023-01-01'),
('B412IH', 'user@gmail.com', 5, 2652000, NULL, '2023-05-09', 1, 'VN Pay', 'SUCCESS', '2023-01-01'),
('B413IH', 'user@gmail.com', 5, 292000, NULL, '2023-05-10', 1, 'VN Pay', 'SUCCESS', '2023-01-01'),
('B414IH', 'user@gmail.com', 5, 2452000, NULL, '2023-05-11', 1, 'VN Pay', 'SUCCESS', '2023-01-01'),
('B415IH', 'user@gmail.com', 5, 2652000, NULL, '2023-05-12', 1, 'VN Pay', 'SUCCESS', '2023-01-01'),
('B416IH', 'user@gmail.com', 5, 2652000, NULL, '2023-05-13', 1, 'VN Pay', 'SUCCESS', '2023-01-01'),
('B417IH', 'user@gmail.com', 5, 2652000, NULL, '2023-05-14', 1, 'VN Pay', 'SUCCESS', '2023-01-01'),
('B418IH', 'user@gmail.com', 5, 2452000, NULL, '2023-05-15', 1, 'VN Pay', 'SUCCESS', '2023-01-01'),
('B419IH', 'user@gmail.com', 5, 2652000, NULL, '2023-05-16', 1, 'VN Pay', 'SUCCESS', '2023-01-01'),
('B420IH', 'user@gmail.com', 5, 2652000, NULL, '2023-05-17', 1, 'VN Pay', 'SUCCESS', '2023-01-01'),
('B421IH', 'user@gmail.com', 5, 2652000, NULL, '2023-05-18', 1, 'VN Pay', 'SUCCESS', '2023-01-01'),
('B422IH', 'user@gmail.com', 5, 2452000, NULL, '2023-05-19', 1, 'VN Pay', 'SUCCESS', '2023-01-01'),
('B423IH', 'user@gmail.com', 5, 2452000, NULL, '2023-05-20', 1, 'VN Pay', 'SUCCESS', '2023-01-01'),
('B424IH', 'user@gmail.com', 5, 2652000, NULL, '2023-05-21', 1, 'VN Pay', 'SUCCESS', '2023-01-01'),
('B425IH', 'user@gmail.com', 5, 2652000, NULL, '2023-05-22', 1, 'VN Pay', 'SUCCESS', '2023-01-01'),
('B426IH', 'user@gmail.com', 5, 2652000, NULL, '2023-05-23', 1, 'VN Pay', 'SUCCESS', '2023-01-01'),
('B427IH', 'user@gmail.com', 5, 2452000, NULL, '2023-05-24', 1, 'VN Pay', 'SUCCESS', '2023-01-01'),
('B428IH', 'user@gmail.com', 5, 292000, NULL, '2023-05-25', 1, 'VN Pay', 'SUCCESS', '2023-01-01'),
('B429IH', 'user@gmail.com', 5, 2652000, NULL, '2023-05-26', 1, 'VN Pay', 'SUCCESS', '2023-01-01'),
('B430IH', 'user@gmail.com', 5, 2652000, NULL, '2023-05-27', 1, 'VN Pay', 'SUCCESS', '2023-01-01'),
('B431IH', 'user@gmail.com', 5, 2452000, NULL, '2023-05-28', 1, 'VN Pay', 'SUCCESS', '2023-01-01'),
('B432IH', 'user@gmail.com', 5, 2652000, NULL, '2023-05-29', 1, 'VN Pay', 'SUCCESS', '2023-01-01'),
('B433IH', 'user@gmail.com', 5, 292000, NULL, '2023-05-30', 1, 'VN Pay', 'SUCCESS', '2023-01-01'),
('B4O4IH', 'user@gmail.com', 5, 2652000, NULL, '2023-05-02', 1, 'VN Pay', 'SUCCESS', '2023-01-01'),
('B4O5IH', 'user@gmail.com', 5, 292000, NULL, '2023-05-03', 1, 'VN Pay', 'SUCCESS', '2023-01-01'),
('B4O6IH', 'user@gmail.com', 5, 2652000, NULL, '2023-05-04', 1, 'VN Pay', 'SUCCESS', '2023-01-01'),
('B4O7IH', 'user@gmail.com', 5, 2452000, NULL, '2023-05-05', 1, 'VN Pay', 'SUCCESS', '2023-01-01'),
('B4O8IH', 'user@gmail.com', 5, 292000, NULL, '2023-05-06', 1, 'VN Pay', 'SUCCESS', '2023-01-01'),
('B4O9IH', 'user@gmail.com', 5, 2652000, NULL, '2023-05-07', 1, 'VN Pay', 'SUCCESS', '2023-01-01'),
('BTSXRE', 'user@gmail.com', 1, 825000, '', '2023-01-01', 1, 'VN Pay', 'SUCCESS', '2023-10-05'),
('C410IH', 'user@gmail.com', 6, 2652000, NULL, '2023-06-08', 1, 'VN Pay', 'SUCCESS', '2023-01-01'),
('C411IH', 'user@gmail.com', 6, 24652000, NULL, '2023-06-09', 1, 'VN Pay', 'SUCCESS', '2023-01-01'),
('C412IH', 'user@gmail.com', 6, 21652000, NULL, '2023-06-09', 1, 'VN Pay', 'SUCCESS', '2023-01-01'),
('C413IH', 'user@gmail.com', 6, 292000, NULL, '2023-06-10', 1, 'VN Pay', 'SUCCESS', '2023-01-01'),
('C414IH', 'user@gmail.com', 6, 2452000, NULL, '2023-06-11', 1, 'VN Pay', 'SUCCESS', '2023-01-01'),
('C415IH', 'user@gmail.com', 6, 23652000, NULL, '2023-06-12', 1, 'VN Pay', 'SUCCESS', '2023-01-01'),
('C416IH', 'user@gmail.com', 6, 2652000, NULL, '2023-06-13', 1, 'VN Pay', 'SUCCESS', '2023-01-01'),
('C417IH', 'user@gmail.com', 6, 29652000, NULL, '2023-06-14', 1, 'VN Pay', 'SUCCESS', '2023-01-01'),
('C418IH', 'user@gmail.com', 6, 2452000, NULL, '2023-06-15', 1, 'VN Pay', 'SUCCESS', '2023-01-01'),
('C419IH', 'user@gmail.com', 6, 2652000, NULL, '2023-06-16', 1, 'VN Pay', 'SUCCESS', '2023-01-01'),
('C420IH', 'user@gmail.com', 6, 22652000, NULL, '2023-06-17', 1, 'VN Pay', 'SUCCESS', '2023-01-01'),
('C421IH', 'user@gmail.com', 6, 2652000, NULL, '2023-06-18', 1, 'VN Pay', 'SUCCESS', '2023-01-01'),
('C422IH', 'user@gmail.com', 6, 2452000, NULL, '2023-06-19', 1, 'VN Pay', 'SUCCESS', '2023-01-01'),
('C423IH', 'user@gmail.com', 6, 22452000, NULL, '2023-06-20', 1, 'VN Pay', 'SUCCESS', '2023-01-01'),
('C424IH', 'user@gmail.com', 6, 21652000, NULL, '2023-06-21', 1, 'VN Pay', 'SUCCESS', '2023-01-01'),
('C425IH', 'user@gmail.com', 6, 2652000, NULL, '2023-06-22', 1, 'VN Pay', 'SUCCESS', '2023-01-01'),
('C426IH', 'user@gmail.com', 6, 22652000, NULL, '2023-06-23', 1, 'VN Pay', 'SUCCESS', '2023-01-01'),
('C427IH', 'user@gmail.com', 6, 2452000, NULL, '2023-06-24', 1, 'VN Pay', 'SUCCESS', '2023-01-01'),
('C428IH', 'user@gmail.com', 6, 2792000, NULL, '2023-06-25', 1, 'VN Pay', 'SUCCESS', '2023-01-01'),
('C429IH', 'user@gmail.com', 6, 2652000, NULL, '2023-06-26', 1, 'VN Pay', 'SUCCESS', '2023-01-01'),
('C430IH', 'user@gmail.com', 6, 52652000, NULL, '2023-06-27', 1, 'VN Pay', 'SUCCESS', '2023-01-01'),
('C431IH', 'user@gmail.com', 6, 2452000, NULL, '2023-06-28', 1, 'VN Pay', 'SUCCESS', '2023-01-01'),
('C432IH', 'user@gmail.com', 6, 2652000, NULL, '2023-06-29', 1, 'VN Pay', 'SUCCESS', '2023-01-01'),
('C433IH', 'user@gmail.com', 6, 2892000, NULL, '2023-06-30', 1, 'VN Pay', 'SUCCESS', '2023-01-01'),
('C4O1IH', 'user@gmail.com', 6, 2652000, NULL, '2023-06-02', 1, 'VN Pay', 'SUCCESS', '2023-01-01'),
('C4O2IH', 'user@gmail.com', 6, 3652000, NULL, '2023-06-01', 1, 'VN Pay', 'SUCCESS', '2023-01-01'),
('C4O4IH', 'user@gmail.com', 6, 3652000, NULL, '2023-06-01', 1, 'VN Pay', 'SUCCESS', '2023-01-01'),
('C4O5IH', 'user@gmail.com', 6, 592000, NULL, '2023-06-03', 1, 'VN Pay', 'SUCCESS', '2023-01-01'),
('C4O6IH', 'user@gmail.com', 6, 2652000, NULL, '2023-06-04', 1, 'VN Pay', 'SUCCESS', '2023-01-01'),
('C4O7IH', 'user@gmail.com', 6, 8452000, NULL, '2023-06-05', 1, 'VN Pay', 'SUCCESS', '2023-01-01'),
('C4O8IH', 'user@gmail.com', 6, 292000, NULL, '2023-06-06', 1, 'VN Pay', 'SUCCESS', '2023-01-01'),
('C4O9IH', 'user@gmail.com', 6, 16652000, NULL, '2023-06-07', 1, 'VN Pay', 'SUCCESS', '2023-01-01'),
('D410IH', 'user@gmail.com', 7, 2652000, NULL, '2023-07-08', 1, 'VN Pay', 'SUCCESS', '2023-01-01'),
('D411IH', 'user@gmail.com', 7, 24652000, NULL, '2023-07-09', 1, 'VN Pay', 'SUCCESS', '2023-01-01'),
('D412IH', 'user@gmail.com', 7, 21652000, NULL, '2023-07-09', 1, 'VN Pay', 'SUCCESS', '2023-01-01'),
('D413IH', 'user@gmail.com', 7, 292000, NULL, '2023-07-10', 1, 'VN Pay', 'SUCCESS', '2023-01-01'),
('D414IH', 'user@gmail.com', 7, 2452000, NULL, '2023-07-11', 1, 'VN Pay', 'SUCCESS', '2023-01-01'),
('D415IH', 'user@gmail.com', 7, 23652000, NULL, '2023-07-12', 1, 'VN Pay', 'SUCCESS', '2023-01-01'),
('D416IH', 'user@gmail.com', 7, 2652000, NULL, '2023-07-13', 1, 'VN Pay', 'SUCCESS', '2023-01-01'),
('D417IH', 'user@gmail.com', 7, 29652000, NULL, '2023-07-14', 1, 'VN Pay', 'SUCCESS', '2023-01-01'),
('D418IH', 'user@gmail.com', 7, 2452000, NULL, '2023-07-15', 1, 'VN Pay', 'SUCCESS', '2023-01-01'),
('D419IH', 'user@gmail.com', 7, 2652000, NULL, '2023-07-16', 1, 'VN Pay', 'SUCCESS', '2023-01-01'),
('D420IH', 'user@gmail.com', 7, 22652000, NULL, '2023-07-17', 1, 'VN Pay', 'SUCCESS', '2023-01-01'),
('D421IH', 'user@gmail.com', 7, 2652000, NULL, '2023-07-18', 1, 'VN Pay', 'SUCCESS', '2023-01-01'),
('D422IH', 'user@gmail.com', 7, 2452000, NULL, '2023-07-19', 1, 'VN Pay', 'SUCCESS', '2023-01-01'),
('D423IH', 'user@gmail.com', 7, 22452000, NULL, '2023-07-20', 1, 'VN Pay', 'SUCCESS', '2023-01-01'),
('D424IH', 'user@gmail.com', 7, 21652000, NULL, '2023-07-21', 1, 'VN Pay', 'SUCCESS', '2023-01-01'),
('D425IH', 'user@gmail.com', 7, 2652000, NULL, '2023-07-22', 1, 'VN Pay', 'SUCCESS', '2023-01-01'),
('D426IH', 'user@gmail.com', 7, 22652000, NULL, '2023-07-23', 1, 'VN Pay', 'SUCCESS', '2023-01-01'),
('D427IH', 'user@gmail.com', 7, 2452000, NULL, '2023-07-24', 1, 'VN Pay', 'SUCCESS', '2023-01-01'),
('D428IH', 'user@gmail.com', 7, 2792000, NULL, '2023-07-25', 1, 'VN Pay', 'SUCCESS', '2023-01-01'),
('D429IH', 'user@gmail.com', 7, 2652000, NULL, '2023-07-26', 1, 'VN Pay', 'SUCCESS', '2023-01-01'),
('D430IH', 'user@gmail.com', 7, 52652000, NULL, '2023-07-27', 1, 'VN Pay', 'SUCCESS', '2023-01-01'),
('D431IH', 'user@gmail.com', 7, 2452000, NULL, '2023-07-28', 1, 'VN Pay', 'SUCCESS', '2023-01-01'),
('D432IH', 'user@gmail.com', 7, 2652000, NULL, '2023-07-29', 1, 'VN Pay', 'SUCCESS', '2023-01-01'),
('D433IH', 'user@gmail.com', 7, 2892000, NULL, '2023-07-30', 1, 'VN Pay', 'SUCCESS', '2023-01-01'),
('D4O1IH', 'user@gmail.com', 7, 2652000, NULL, '2023-07-02', 1, 'VN Pay', 'SUCCESS', '2023-01-01'),
('D4O2IH', 'user@gmail.com', 7, 3652000, NULL, '2023-07-01', 1, 'VN Pay', 'SUCCESS', '2023-01-01'),
('D4O5IH', 'user@gmail.com', 7, 592000, NULL, '2023-07-03', 1, 'VN Pay', 'SUCCESS', '2023-01-01'),
('D4O6IH', 'user@gmail.com', 7, 2652000, NULL, '2023-07-04', 1, 'VN Pay', 'SUCCESS', '2023-01-01'),
('D4O7IH', 'user@gmail.com', 7, 8452000, NULL, '2023-07-05', 1, 'VN Pay', 'SUCCESS', '2023-01-01'),
('D4O8IH', 'user@gmail.com', 7, 292000, NULL, '2023-07-06', 1, 'VN Pay', 'SUCCESS', '2023-01-01'),
('D4O9IH', 'user@gmail.com', 7, 16652000, NULL, '2023-07-07', 1, 'VN Pay', 'SUCCESS', '2023-01-01'),
('E410IH', 'user@gmail.com', 8, 2652000, NULL, '2023-08-08', 1, 'VN Pay', 'SUCCESS', '2023-01-01'),
('E411IH', 'user@gmail.com', 8, 24652000, NULL, '2023-08-09', 1, 'VN Pay', 'SUCCESS', '2023-01-01'),
('E412IH', 'user@gmail.com', 8, 21652000, NULL, '2023-08-09', 1, 'VN Pay', 'SUCCESS', '2023-01-01'),
('E413IH', 'user@gmail.com', 8, 292000, NULL, '2023-08-10', 1, 'VN Pay', 'SUCCESS', '2023-01-01'),
('E414IH', 'user@gmail.com', 8, 2452000, NULL, '2023-08-11', 1, 'VN Pay', 'SUCCESS', '2023-01-01'),
('E415IH', 'user@gmail.com', 8, 23652000, NULL, '2023-08-12', 1, 'VN Pay', 'SUCCESS', '2023-01-01'),
('E416IH', 'user@gmail.com', 8, 2652000, NULL, '2023-08-13', 1, 'VN Pay', 'SUCCESS', '2023-01-01'),
('E417IH', 'user@gmail.com', 8, 29652000, NULL, '2023-08-14', 1, 'VN Pay', 'SUCCESS', '2023-01-01'),
('E418IH', 'user@gmail.com', 8, 2452000, NULL, '2023-08-15', 1, 'VN Pay', 'SUCCESS', '2023-01-01'),
('E419IH', 'user@gmail.com', 8, 2652000, NULL, '2023-08-16', 1, 'VN Pay', 'SUCCESS', '2023-01-01'),
('E420IH', 'user@gmail.com', 8, 22652000, NULL, '2023-08-17', 1, 'VN Pay', 'SUCCESS', '2023-01-01'),
('E421IH', 'user@gmail.com', 8, 2652000, NULL, '2023-08-18', 1, 'VN Pay', 'SUCCESS', '2023-01-01'),
('E422IH', 'user@gmail.com', 8, 2452000, NULL, '2023-08-19', 1, 'VN Pay', 'SUCCESS', '2023-01-01'),
('E423IH', 'user@gmail.com', 8, 22452000, NULL, '2023-08-20', 1, 'VN Pay', 'SUCCESS', '2023-01-01'),
('E424IH', 'user@gmail.com', 8, 21652000, NULL, '2023-08-21', 1, 'VN Pay', 'SUCCESS', '2023-01-01'),
('E425IH', 'user@gmail.com', 8, 2652000, NULL, '2023-08-22', 1, 'VN Pay', 'SUCCESS', '2023-01-01'),
('E426IH', 'user@gmail.com', 8, 22652000, NULL, '2023-08-23', 1, 'VN Pay', 'SUCCESS', '2023-01-01'),
('E427IH', 'user@gmail.com', 8, 2452000, NULL, '2023-08-24', 1, 'VN Pay', 'SUCCESS', '2023-01-01'),
('E428IH', 'user@gmail.com', 8, 2792000, NULL, '2023-08-25', 1, 'VN Pay', 'SUCCESS', '2023-01-01'),
('E429IH', 'user@gmail.com', 8, 2652000, NULL, '2023-08-26', 1, 'VN Pay', 'SUCCESS', '2023-01-01'),
('E430IH', 'user@gmail.com', 8, 52652000, NULL, '2023-08-27', 1, 'VN Pay', 'SUCCESS', '2023-01-01'),
('E431IH', 'user@gmail.com', 8, 2452000, NULL, '2023-08-28', 1, 'VN Pay', 'SUCCESS', '2023-01-01'),
('E432IH', 'user@gmail.com', 8, 2652000, NULL, '2023-08-29', 1, 'VN Pay', 'SUCCESS', '2023-01-01'),
('E433IH', 'user@gmail.com', 8, 2892000, NULL, '2023-08-30', 1, 'VN Pay', 'SUCCESS', '2023-01-01'),
('E4O1IH', 'user@gmail.com', 8, 2652000, NULL, '2023-08-02', 1, 'VN Pay', 'SUCCESS', '2023-01-01'),
('E4O2IH', 'user@gmail.com', 8, 3652000, NULL, '2023-08-01', 1, 'VN Pay', 'SUCCESS', '2023-01-01'),
('E4O5IH', 'user@gmail.com', 8, 592000, NULL, '2023-08-03', 1, 'VN Pay', 'SUCCESS', '2023-01-01'),
('E4O6IH', 'user@gmail.com', 8, 2652000, NULL, '2023-08-04', 1, 'VN Pay', 'SUCCESS', '2023-01-01'),
('E4O7IH', 'user@gmail.com', 8, 8452000, NULL, '2023-08-05', 1, 'VN Pay', 'SUCCESS', '2023-01-01'),
('E4O8IH', 'user@gmail.com', 8, 292000, NULL, '2023-08-06', 1, 'VN Pay', 'SUCCESS', '2023-01-01'),
('E4O9IH', 'user@gmail.com', 8, 16652000, NULL, '2023-08-07', 1, 'VN Pay', 'SUCCESS', '2023-01-01'),
('G410IH', 'user@gmail.com', 1, 825000, NULL, '2023-01-08', 1, 'VN Pay', 'SUCCESS', '2023-01-01'),
('G411IH', 'user@gmail.com', 1, 825000, NULL, '2023-01-09', 1, 'VN Pay', 'SUCCESS', '2023-01-01'),
('G412IH', 'user@gmail.com', 1, 825000, NULL, '2023-01-09', 1, 'VN Pay', 'SUCCESS', '2023-01-01'),
('G413IH', 'user@gmail.com', 1, 825000, NULL, '2023-01-10', 1, 'VN Pay', 'SUCCESS', '2023-01-01'),
('G414IH', 'user@gmail.com', 1, 825000, NULL, '2023-01-11', 1, 'VN Pay', 'SUCCESS', '2023-01-01'),
('G415IH', 'user@gmail.com', 1, 825000, NULL, '2023-01-12', 1, 'VN Pay', 'SUCCESS', '2023-01-01'),
('G416IH', 'user@gmail.com', 1, 825000, NULL, '2023-01-13', 1, 'VN Pay', 'SUCCESS', '2023-01-01'),
('G417IH', 'user@gmail.com', 1, 825000, NULL, '2023-01-14', 1, 'VN Pay', 'SUCCESS', '2023-01-01'),
('G418IH', 'user@gmail.com', 1, 825000, NULL, '2023-01-15', 1, 'VN Pay', 'SUCCESS', '2023-01-01'),
('G419IH', 'user@gmail.com', 1, 825000, NULL, '2023-01-16', 1, 'VN Pay', 'SUCCESS', '2023-01-01'),
('G420IH', 'user@gmail.com', 1, 825000, NULL, '2023-01-17', 1, 'VN Pay', 'SUCCESS', '2023-01-01'),
('G421IH', 'user@gmail.com', 1, 825000, NULL, '2023-01-18', 1, 'VN Pay', 'SUCCESS', '2023-01-01'),
('G422IH', 'user@gmail.com', 1, 825000, NULL, '2023-01-19', 1, 'VN Pay', 'SUCCESS', '2023-01-01'),
('G423IH', 'user@gmail.com', 1, 825000, NULL, '2023-01-20', 1, 'VN Pay', 'SUCCESS', '2023-01-01'),
('G424IH', 'user@gmail.com', 1, 825000, NULL, '2023-01-21', 1, 'VN Pay', 'SUCCESS', '2023-01-01'),
('G425IH', 'user@gmail.com', 1, 825000, NULL, '2023-01-22', 1, 'VN Pay', 'SUCCESS', '2023-01-01'),
('G426IH', 'user@gmail.com', 1, 825000, NULL, '2023-01-23', 1, 'VN Pay', 'CANCELLED', '2023-01-01'),
('G427IH', 'user@gmail.com', 1, 825000, NULL, '2023-01-24', 1, 'VN Pay', 'SUCCESS', '2023-01-01'),
('G428IH', 'user@gmail.com', 1, 825000, NULL, '2023-01-25', 1, 'VN Pay', 'SUCCESS', '2023-01-01'),
('G429IH', 'user@gmail.com', 1, 825000, NULL, '2023-01-26', 1, 'VN Pay', 'SUCCESS', '2023-01-01'),
('G430IH', 'user@gmail.com', 1, 825000, NULL, '2023-01-27', 1, 'VN Pay', 'SUCCESS', '2023-01-01'),
('G431IH', 'user@gmail.com', 1, 825000, NULL, '2023-01-28', 1, 'VN Pay', 'SUCCESS', '2023-01-01'),
('G432IH', 'user@gmail.com', 1, 825000, NULL, '2023-01-29', 1, 'VN Pay', 'SUCCESS', '2023-01-01'),
('G433IH', 'user@gmail.com', 1, 825000, NULL, '2023-01-30', 1, 'VN Pay', 'SUCCESS', '2023-01-01'),
('G4O3IH', 'user@gmail.com', 1, 825000, '', '2023-10-01', 1, 'VN Pay', 'SUCCESS', '2023-10-05'),
('G4O4IH', 'user@gmail.com', 1, 825000, NULL, '2023-01-02', 1, 'VN Pay', 'SUCCESS', '2023-01-01'),
('G4O5IH', 'user@gmail.com', 1, 825000, NULL, '2023-01-03', 1, 'VN Pay', 'SUCCESS', '2023-01-01'),
('G4O6IH', 'user@gmail.com', 1, 825000, NULL, '2023-01-04', 1, 'VN Pay', 'SUCCESS', '2023-01-01'),
('G4O7IH', 'user@gmail.com', 1, 825000, NULL, '2023-01-05', 1, 'VN Pay', 'SUCCESS', '2023-01-01'),
('G4O8IH', 'user@gmail.com', 1, 825000, NULL, '2023-01-06', 1, 'VN Pay', 'SUCCESS', '2023-01-01'),
('G4O9IH', 'user@gmail.com', 1, 825000, NULL, '2023-01-07', 1, 'VN Pay', 'SUCCESS', '2023-01-01'),
('J1DFSA', 'vantruongved02@gmail.com', 2, 330000, '', '2023-11-26', 1, 'VN Pay', 'SUCCESS', '2023-10-31'),
('J410IH', 'user@gmail.com', 2, 1652000, NULL, '2023-02-08', 1, 'VN Pay', 'SUCCESS', '2023-01-01'),
('J411IH', 'user@gmail.com', 2, 1652000, NULL, '2023-02-09', 1, 'VN Pay', 'SUCCESS', '2023-01-01'),
('J412IH', 'user@gmail.com', 2, 1652000, NULL, '2023-02-09', 1, 'VN Pay', 'SUCCESS', '2023-01-01'),
('J413IH', 'user@gmail.com', 2, 1652000, NULL, '2023-02-10', 1, 'VN Pay', 'SUCCESS', '2023-01-01'),
('J414IH', 'user@gmail.com', 2, 1652000, NULL, '2023-02-11', 1, 'VN Pay', 'SUCCESS', '2023-01-01'),
('J415IH', 'user@gmail.com', 2, 1652000, NULL, '2023-02-12', 1, 'VN Pay', 'SUCCESS', '2023-01-01'),
('J416IH', 'user@gmail.com', 2, 1652000, NULL, '2023-02-13', 1, 'VN Pay', 'SUCCESS', '2023-01-01'),
('J417IH', 'user@gmail.com', 2, 1652000, NULL, '2023-02-14', 1, 'VN Pay', 'SUCCESS', '2023-01-01'),
('J418IH', 'user@gmail.com', 2, 1652000, NULL, '2023-02-15', 1, 'VN Pay', 'SUCCESS', '2023-01-01'),
('J419IH', 'user@gmail.com', 2, 1652000, NULL, '2023-02-16', 1, 'VN Pay', 'SUCCESS', '2023-01-01'),
('J420IH', 'user@gmail.com', 2, 1652000, NULL, '2023-02-17', 1, 'VN Pay', 'SUCCESS', '2023-01-01'),
('J421IH', 'user@gmail.com', 2, 1652000, NULL, '2023-02-18', 1, 'VN Pay', 'SUCCESS', '2023-01-01'),
('J422IH', 'user@gmail.com', 2, 1652000, NULL, '2023-02-19', 1, 'VN Pay', 'SUCCESS', '2023-01-01'),
('J423IH', 'user@gmail.com', 2, 1652000, NULL, '2023-02-20', 1, 'VN Pay', 'SUCCESS', '2023-01-01'),
('J424IH', 'user@gmail.com', 2, 1652000, NULL, '2023-02-21', 1, 'VN Pay', 'SUCCESS', '2023-01-01'),
('J425IH', 'user@gmail.com', 2, 1652000, NULL, '2023-02-22', 1, 'VN Pay', 'SUCCESS', '2023-01-01'),
('J426IH', 'user@gmail.com', 2, 1652000, NULL, '2023-02-23', 1, 'VN Pay', 'SUCCESS', '2023-01-01'),
('J427IH', 'user@gmail.com', 2, 1652000, NULL, '2023-02-24', 1, 'VN Pay', 'SUCCESS', '2023-01-01'),
('J428IH', 'user@gmail.com', 2, 1652000, NULL, '2023-02-25', 1, 'VN Pay', 'SUCCESS', '2023-01-01'),
('J429IH', 'user@gmail.com', 2, 1652000, NULL, '2023-02-26', 1, 'VN Pay', 'SUCCESS', '2023-01-01'),
('J430IH', 'user@gmail.com', 2, 1652000, NULL, '2023-02-27', 1, 'VN Pay', 'SUCCESS', '2023-01-01'),
('J431IH', 'user@gmail.com', 2, 1652000, NULL, '2023-02-28', 1, 'VN Pay', 'SUCCESS', '2023-01-01'),
('J4O4IH', 'user@gmail.com', 2, 1652000, NULL, '2023-02-02', 1, 'VN Pay', 'SUCCESS', '2023-01-01'),
('J4O5IH', 'user@gmail.com', 2, 1652000, NULL, '2023-02-03', 1, 'VN Pay', 'SUCCESS', '2023-01-01'),
('J4O6IH', 'user@gmail.com', 2, 1652000, NULL, '2023-02-04', 1, 'VN Pay', 'SUCCESS', '2023-01-01'),
('J4O7IH', 'user@gmail.com', 2, 1652000, NULL, '2023-02-05', 1, 'VN Pay', 'SUCCESS', '2023-01-01'),
('J4O8IH', 'user@gmail.com', 2, 1652000, NULL, '2023-02-06', 1, 'VN Pay', 'SUCCESS', '2023-01-01'),
('J4O9IH', 'user@gmail.com', 2, 1652000, NULL, '2023-02-07', 1, 'VN Pay', 'SUCCESS', '2023-01-01'),
('JOYULK', 'vantruongved02@gmail.com', 1, 330000, '', '2023-11-28', 1, 'VN Pay', 'CANCELLED', '2023-10-22'),
('K410IH', 'user@gmail.com', 3, 2652000, NULL, '2023-03-08', 1, 'VN Pay', 'SUCCESS', '2023-01-01'),
('K411IH', 'user@gmail.com', 3, 2652000, NULL, '2023-03-09', 1, 'VN Pay', 'SUCCESS', '2023-01-01'),
('K412IH', 'user@gmail.com', 3, 2652000, NULL, '2023-03-09', 1, 'VN Pay', 'SUCCESS', '2023-01-01'),
('K413IH', 'user@gmail.com', 3, 292000, NULL, '2023-03-10', 1, 'VN Pay', 'SUCCESS', '2023-01-01'),
('K414IH', 'user@gmail.com', 3, 2452000, NULL, '2023-03-11', 1, 'VN Pay', 'SUCCESS', '2023-01-01'),
('K415IH', 'user@gmail.com', 3, 2652000, NULL, '2023-03-12', 1, 'VN Pay', 'SUCCESS', '2023-01-01'),
('K416IH', 'user@gmail.com', 3, 2652000, NULL, '2023-03-13', 1, 'VN Pay', 'SUCCESS', '2023-01-01'),
('K417IH', 'user@gmail.com', 3, 2652000, NULL, '2023-03-14', 1, 'VN Pay', 'SUCCESS', '2023-01-01'),
('K418IH', 'user@gmail.com', 3, 2452000, NULL, '2023-03-15', 1, 'VN Pay', 'SUCCESS', '2023-01-01'),
('K419IH', 'user@gmail.com', 3, 2652000, NULL, '2023-03-16', 1, 'VN Pay', 'SUCCESS', '2023-01-01'),
('K420IH', 'user@gmail.com', 3, 2652000, NULL, '2023-03-17', 1, 'VN Pay', 'SUCCESS', '2023-01-01'),
('K421IH', 'user@gmail.com', 3, 2652000, NULL, '2023-03-18', 1, 'VN Pay', 'SUCCESS', '2023-01-01'),
('K422IH', 'user@gmail.com', 3, 2452000, NULL, '2023-03-19', 1, 'VN Pay', 'SUCCESS', '2023-01-01'),
('K423IH', 'user@gmail.com', 3, 2452000, NULL, '2023-03-20', 1, 'VN Pay', 'SUCCESS', '2023-01-01'),
('K424IH', 'user@gmail.com', 3, 2652000, NULL, '2023-03-21', 1, 'VN Pay', 'SUCCESS', '2023-01-01'),
('K425IH', 'user@gmail.com', 3, 2652000, NULL, '2023-03-22', 1, 'VN Pay', 'SUCCESS', '2023-01-01'),
('K426IH', 'user@gmail.com', 3, 2652000, NULL, '2023-03-23', 1, 'VN Pay', 'SUCCESS', '2023-01-01'),
('K427IH', 'user@gmail.com', 3, 2452000, NULL, '2023-03-24', 1, 'VN Pay', 'SUCCESS', '2023-01-01'),
('K428IH', 'user@gmail.com', 3, 292000, NULL, '2023-03-25', 1, 'VN Pay', 'SUCCESS', '2023-01-01'),
('K429IH', 'user@gmail.com', 3, 2652000, NULL, '2023-03-26', 1, 'VN Pay', 'SUCCESS', '2023-01-01'),
('K430IH', 'user@gmail.com', 3, 2652000, NULL, '2023-03-27', 1, 'VN Pay', 'SUCCESS', '2023-01-01'),
('K431IH', 'user@gmail.com', 3, 2452000, NULL, '2023-03-28', 1, 'VN Pay', 'SUCCESS', '2023-01-01'),
('K432IH', 'user@gmail.com', 3, 2652000, NULL, '2023-03-29', 1, 'VN Pay', 'SUCCESS', '2023-01-01'),
('K433IH', 'user@gmail.com', 3, 292000, NULL, '2023-03-30', 1, 'VN Pay', 'SUCCESS', '2023-01-01'),
('K4O4IH', 'user@gmail.com', 3, 2652000, NULL, '2023-03-02', 1, 'VN Pay', 'SUCCESS', '2023-01-01'),
('K4O5IH', 'user@gmail.com', 3, 292000, NULL, '2023-03-03', 1, 'VN Pay', 'SUCCESS', '2023-01-01'),
('K4O6IH', 'user@gmail.com', 3, 2652000, NULL, '2023-03-04', 1, 'VN Pay', 'SUCCESS', '2023-01-01'),
('K4O7IH', 'user@gmail.com', 3, 2452000, NULL, '2023-03-05', 1, 'VN Pay', 'SUCCESS', '2023-01-01'),
('K4O8IH', 'user@gmail.com', 3, 292000, NULL, '2023-03-06', 1, 'VN Pay', 'SUCCESS', '2023-01-01'),
('K4O9IH', 'user@gmail.com', 3, 2652000, NULL, '2023-03-07', 1, 'VN Pay', 'SUCCESS', '2023-01-01'),
('T410IH', 'user@gmail.com', 8, 264152000, NULL, '2023-09-08', 1, 'VN Pay', 'SUCCESS', '2023-01-01'),
('T411IH', 'user@gmail.com', 8, 24652000, NULL, '2023-09-09', 1, 'VN Pay', 'SUCCESS', '2023-01-01'),
('T412IH', 'user@gmail.com', 8, 27650000, NULL, '2023-09-09', 1, 'VN Pay', 'SUCCESS', '2023-01-01'),
('T413IH', 'user@gmail.com', 8, 292000, NULL, '2023-09-10', 1, 'VN Pay', 'SUCCESS', '2023-01-01'),
('T414IH', 'user@gmail.com', 8, 2452000, NULL, '2023-09-11', 1, 'VN Pay', 'SUCCESS', '2023-01-01'),
('T415IH', 'user@gmail.com', 8, 23652000, NULL, '2023-09-12', 1, 'VN Pay', 'SUCCESS', '2023-01-01'),
('T416IH', 'user@gmail.com', 8, 2652000, NULL, '2023-09-13', 1, 'VN Pay', 'SUCCESS', '2023-01-01'),
('T417IH', 'user@gmail.com', 8, 29652000, NULL, '2023-09-14', 1, 'VN Pay', 'SUCCESS', '2023-01-01'),
('T418IH', 'user@gmail.com', 8, 2452000, NULL, '2023-09-15', 1, 'VN Pay', 'SUCCESS', '2023-01-01'),
('T419IH', 'user@gmail.com', 8, 2652000, NULL, '2023-09-16', 1, 'VN Pay', 'SUCCESS', '2023-01-01'),
('T420IH', 'user@gmail.com', 8, 22652000, NULL, '2023-09-17', 1, 'VN Pay', 'SUCCESS', '2023-01-01'),
('T421IH', 'user@gmail.com', 8, 2652000, NULL, '2023-09-18', 1, 'VN Pay', 'SUCCESS', '2023-01-01'),
('T422IH', 'user@gmail.com', 8, 2452000, NULL, '2023-09-19', 1, 'VN Pay', 'SUCCESS', '2023-01-01'),
('T423IH', 'user@gmail.com', 8, 22452000, NULL, '2023-09-20', 1, 'VN Pay', 'SUCCESS', '2023-01-01'),
('T424IH', 'user@gmail.com', 8, 21652000, NULL, '2023-09-21', 1, 'VN Pay', 'SUCCESS', '2023-01-01'),
('T425IH', 'user@gmail.com', 8, 2652000, NULL, '2023-09-22', 1, 'VN Pay', 'SUCCESS', '2023-01-01'),
('T426IH', 'user@gmail.com', 8, 22652000, NULL, '2023-09-23', 1, 'VN Pay', 'SUCCESS', '2023-01-01'),
('T427IH', 'user@gmail.com', 8, 2452000, NULL, '2023-09-24', 1, 'VN Pay', 'SUCCESS', '2023-01-01'),
('T428IH', 'user@gmail.com', 8, 2792000, NULL, '2023-09-25', 1, 'VN Pay', 'SUCCESS', '2023-01-01'),
('T429IH', 'user@gmail.com', 8, 2652000, NULL, '2023-09-26', 1, 'VN Pay', 'SUCCESS', '2023-01-01'),
('T430IH', 'user@gmail.com', 8, 52652000, NULL, '2023-09-27', 1, 'VN Pay', 'SUCCESS', '2023-01-01'),
('T431IH', 'user@gmail.com', 8, 2452000, NULL, '2023-09-28', 1, 'VN Pay', 'SUCCESS', '2023-01-01'),
('T432IH', 'user@gmail.com', 8, 2652000, NULL, '2023-09-29', 1, 'VN Pay', 'SUCCESS', '2023-01-01'),
('T433IH', 'user@gmail.com', 8, 2892000, NULL, '2023-09-30', 1, 'VN Pay', 'SUCCESS', '2023-01-01'),
('T4O1IH', 'user@gmail.com', 8, 2652000, NULL, '2023-09-02', 1, 'VN Pay', 'SUCCESS', '2023-01-01'),
('T4O2IH', 'user@gmail.com', 8, 3652000, NULL, '2023-09-01', 1, 'VN Pay', 'SUCCESS', '2023-01-01'),
('T4O5IH', 'user@gmail.com', 8, 592000, NULL, '2023-09-03', 1, 'VN Pay', 'SUCCESS', '2023-01-01'),
('T4O6IH', 'user@gmail.com', 8, 2652000, NULL, '2023-09-04', 1, 'VN Pay', 'SUCCESS', '2023-01-01'),
('T4O7IH', 'user@gmail.com', 8, 8452000, NULL, '2023-09-05', 1, 'VN Pay', 'SUCCESS', '2023-01-01'),
('T4O8IH', 'user@gmail.com', 8, 292000, NULL, '2023-09-06', 1, 'VN Pay', 'SUCCESS', '2023-01-01'),
('T4O9IH', 'user@gmail.com', 8, 16652000, NULL, '2023-09-07', 1, 'VN Pay', 'SUCCESS', '2023-01-01'),
('ULQQ8A', 'user@gmail.com', 1, 330000, '', '2023-10-24', 1, 'VN Pay', 'CANCELLED', '2023-10-22'),
('Y410IH', 'user@gmail.com', 9, 2652000, NULL, '2023-10-08', 1, 'VN Pay', 'SUCCESS', '2023-01-01'),
('Y411IH', 'user@gmail.com', 9, 24652000, NULL, '2023-10-09', 1, 'VN Pay', 'SUCCESS', '2023-01-01'),
('Y412IH', 'user@gmail.com', 9, 21652000, NULL, '2023-10-09', 1, 'VN Pay', 'SUCCESS', '2023-01-01'),
('Y413IH', 'user@gmail.com', 9, 292000, NULL, '2023-10-10', 1, 'VN Pay', 'SUCCESS', '2023-01-01'),
('Y414IH', 'user@gmail.com', 9, 2452000, NULL, '2023-10-11', 1, 'VN Pay', 'SUCCESS', '2023-01-01'),
('Y415IH', 'user@gmail.com', 9, 23652000, NULL, '2023-10-12', 1, 'VN Pay', 'SUCCESS', '2023-01-01'),
('Y416IH', 'user@gmail.com', 9, 2652000, NULL, '2023-10-13', 1, 'VN Pay', 'SUCCESS', '2023-01-01'),
('Y417IH', 'user@gmail.com', 9, 29652000, NULL, '2023-10-14', 1, 'VN Pay', 'SUCCESS', '2023-01-01'),
('Y418IH', 'user@gmail.com', 9, 2452000, NULL, '2023-10-15', 1, 'VN Pay', 'SUCCESS', '2023-01-01'),
('Y419IH', 'user@gmail.com', 9, 2652000, NULL, '2023-10-16', 1, 'VN Pay', 'SUCCESS', '2023-01-01'),
('Y420IH', 'user@gmail.com', 9, 22652000, NULL, '2023-10-17', 1, 'VN Pay', 'SUCCESS', '2023-01-01'),
('Y421IH', 'user@gmail.com', 9, 2652000, NULL, '2023-10-18', 1, 'VN Pay', 'SUCCESS', '2023-01-01'),
('Y422IH', 'user@gmail.com', 9, 2452000, NULL, '2023-10-19', 1, 'VN Pay', 'SUCCESS', '2023-01-01'),
('Y423IH', 'user@gmail.com', 9, 22452000, NULL, '2023-10-20', 1, 'VN Pay', 'SUCCESS', '2023-01-01'),
('Y424IH', 'user@gmail.com', 9, 21652000, NULL, '2023-10-21', 1, 'VN Pay', 'SUCCESS', '2023-01-01'),
('Y425IH', 'user@gmail.com', 9, 2652000, NULL, '2023-10-22', 1, 'VN Pay', 'SUCCESS', '2023-01-01'),
('Y426IH', 'user@gmail.com', 9, 22652000, NULL, '2023-10-23', 1, 'VN Pay', 'SUCCESS', '2023-01-01'),
('Y427IH', 'user@gmail.com', 9, 2452000, NULL, '2023-10-24', 1, 'VN Pay', 'SUCCESS', '2023-01-01'),
('Y428IH', 'user@gmail.com', 9, 2792000, NULL, '2023-10-25', 1, 'VN Pay', 'SUCCESS', '2023-01-01'),
('Y429IH', 'user@gmail.com', 9, 2652000, NULL, '2023-10-26', 1, 'VN Pay', 'SUCCESS', '2023-01-01'),
('Y430IH', 'user@gmail.com', 9, 52652000, NULL, '2023-10-27', 1, 'VN Pay', 'SUCCESS', '2023-01-01'),
('Y431IH', 'user@gmail.com', 9, 2452000, NULL, '2023-10-28', 1, 'VN Pay', 'SUCCESS', '2023-01-01'),
('Y432IH', 'user@gmail.com', 9, 2652000, NULL, '2023-10-29', 1, 'VN Pay', 'SUCCESS', '2023-10-06'),
('Y433IH', 'user@gmail.com', 9, 2892000, NULL, '2023-10-30', 1, 'VN Pay', 'SUCCESS', '2023-01-01'),
('Y4O1IH', 'user@gmail.com', 9, 2652000, NULL, '2023-10-02', 1, 'VN Pay', 'SUCCESS', '2023-01-01'),
('Y4O2IH', 'user@gmail.com', 9, 3652000, NULL, '2023-10-01', 1, 'VN Pay', 'SUCCESS', '2023-01-01'),
('Y4O5IH', 'user@gmail.com', 9, 592000, NULL, '2023-10-03', 1, 'VN Pay', 'SUCCESS', '2023-01-01'),
('Y4O6IH', 'user@gmail.com', 9, 2652000, NULL, '2023-10-04', 1, 'VN Pay', 'SUCCESS', '2023-01-01'),
('Y4O7IH', 'user@gmail.com', 9, 8452000, NULL, '2023-10-05', 1, 'VN Pay', 'SUCCESS', '2023-01-01'),
('Y4O8IH', 'user@gmail.com', 9, 292000, NULL, '2023-10-06', 1, 'VN Pay', 'SUCCESS', '2023-01-01'),
('Y4O9IH', 'user@gmail.com', 9, 16652000, NULL, '2023-10-07', 1, 'VN Pay', 'SUCCESS', '2023-01-01');

-- --------------------------------------------------------

--
-- Table structure for table `ticket_seat`
--

CREATE OR REPLACE TABLE `ticket_seat` (
  `ticket_id` varchar(255) NOT NULL,
  `seat_id` int(11) NOT NULL
) ENGINE=InnoDB DEFAULT CHARSET=utf8mb4 COLLATE=utf8mb4_general_ci;

--
-- Dumping data for table `ticket_seat`
--

INSERT INTO `ticket_seat` (`ticket_id`, `seat_id`) VALUES
('BTSXRE', 1),
('BTSXRE', 3),
('BTSXRE', 6),
('BTSXRE', 9),
('BTSXRE', 12),
('G4O3IH', 1),
('G4O3IH', 3),
('G4O3IH', 6),
('G4O3IH', 9),
('G4O3IH', 12),
('J1DFSA', 2),
('J1DFSA', 5),
('ULQQ8A', 1),
('ULQQ8A', 3);

-- --------------------------------------------------------

--
-- Table structure for table `trip`
--

CREATE OR REPLACE TABLE `trip` (
  `trip_id` int(11) NOT NULL,
  `route_id` int(11) NOT NULL,
  `bus_id` int(11) NOT NULL,
  `departure_time` time(6) DEFAULT NULL
) ENGINE=InnoDB DEFAULT CHARSET=utf8mb4 COLLATE=utf8mb4_general_ci;

--
-- Dumping data for table `trip`
--

INSERT INTO `trip` (`trip_id`, `route_id`, `bus_id`, `departure_time`) VALUES
(1, 1, 1, '00:00:00.000000'),
(2, 1, 4, '06:00:00.000000'),
(3, 1, 13, '15:00:00.000000'),
(4, 1, 14, '20:00:00.000000'),
(5, 4, 14, '00:00:00.000000'),
(6, 4, 1, '06:00:00.000000'),
(7, 4, 4, '15:00:00.000000'),
(8, 4, 13, '20:00:00.000000'),
(9, 2, 7, '00:00:00.000000'),
(10, 2, 8, '12:00:00.000000'),
(11, 3, 5, '00:00:00.000000'),
(12, 3, 15, '12:00:00.000000'),
(13, 3, 6, '20:00:00.000000'),
(14, 5, 15, '00:00:00.000000'),
(15, 5, 6, '12:00:00.000000'),
(16, 5, 5, '20:00:00.000000'),
(17, 6, 8, '00:00:00.000000'),
(18, 6, 7, '12:00:00.000000');

-- --------------------------------------------------------

--
-- Table structure for table `trip_date`
--

CREATE OR REPLACE TABLE `trip_date` (
  `trip_id` int(11) NOT NULL,
  `date_id` int(11) NOT NULL
) ENGINE=InnoDB DEFAULT CHARSET=utf8mb4 COLLATE=utf8mb4_general_ci;

--
-- Dumping data for table `trip_date`
--

INSERT INTO `trip_date` (`trip_id`, `date_id`) VALUES
(1, 1),
(1, 2),
(1, 3),
(1, 4),
(1, 5),
(1, 6),
(1, 7),
(1, 8),
(1, 9),
(1, 10),
(1, 11),
(1, 12),
(1, 13),
(1, 14),
(1, 15),
(1, 16),
(1, 17),
(1, 18),
(1, 19),
(1, 20),
(1, 21),
(1, 22),
(1, 23),
(1, 24),
(1, 25),
(1, 26),
(1, 27),
(1, 28),
(1, 29),
(1, 30),
(1, 31),
(1, 32),
(1, 33),
(1, 34),
(1, 35),
(1, 36),
(1, 37),
(1, 38),
(1, 39),
(1, 40),
(1, 41),
(1, 42),
(1, 43),
(1, 44),
(1, 45),
(1, 46),
(1, 47),
(1, 48),
(1, 49),
(1, 50),
(1, 51),
(1, 52),
(1, 53),
(1, 54),
(1, 55),
(1, 56),
(1, 57),
(1, 58),
(1, 59),
(1, 60),
(1, 61),
(1, 62),
(1, 63),
(1, 64),
(1, 65),
(1, 66),
(1, 67),
(1, 68),
(1, 69),
(1, 70),
(1, 71),
(1, 72),
(1, 73),
(1, 74),
(1, 75),
(1, 76),
(1, 77),
(1, 78),
(1, 79),
(1, 80),
(1, 81),
(1, 82),
(1, 83),
(1, 84),
(1, 85),
(1, 86),
(1, 87),
(1, 88),
(1, 89),
(1, 90),
(1, 91),
(1, 92),
(1, 93),
(1, 94),
(1, 95),
(1, 96),
(1, 97),
(1, 98),
(1, 99),
(1, 100),
(1, 101),
(1, 102),
(1, 103),
(1, 104),
(1, 105),
(1, 106),
(1, 107),
(1, 108),
(1, 109),
(1, 110),
(1, 111),
(1, 112),
(1, 113),
(1, 114),
(1, 115),
(1, 116),
(1, 117),
(1, 118),
(1, 119),
(1, 120),
(1, 121),
(1, 122),
(1, 123),
(1, 124),
(1, 125),
(1, 126),
(1, 127),
(1, 128),
(1, 129),
(1, 130),
(1, 131),
(1, 132),
(1, 133),
(1, 134),
(1, 135),
(1, 136),
(1, 137),
(1, 138),
(1, 139),
(1, 140),
(1, 141),
(1, 142),
(1, 143),
(1, 144),
(1, 145),
(1, 146),
(1, 147),
(1, 148),
(1, 149),
(1, 150),
(1, 151),
(1, 152),
(1, 153),
(1, 154),
(1, 155),
(1, 156),
(1, 157),
(1, 158),
(1, 159),
(1, 160),
(1, 161),
(1, 162),
(1, 163),
(1, 164),
(1, 165),
(1, 166),
(1, 167),
(1, 168),
(1, 169),
(1, 170),
(1, 171),
(1, 172),
(1, 173),
(1, 174),
(1, 175),
(1, 176),
(1, 177),
(1, 178),
(1, 179),
(1, 180),
(1, 181),
(1, 182),
(1, 183),
(1, 184),
(1, 185),
(1, 186),
(1, 187),
(1, 188),
(1, 189),
(1, 190),
(1, 191),
(1, 192),
(1, 193),
(1, 194),
(1, 195),
(1, 196),
(1, 197),
(1, 198),
(1, 199),
(1, 200),
(1, 201),
(1, 202),
(1, 203),
(1, 204),
(1, 205),
(1, 206),
(1, 207),
(1, 208),
(1, 209),
(1, 210),
(1, 211),
(1, 212),
(1, 213),
(1, 214),
(1, 215),
(1, 216),
(1, 217),
(1, 218),
(1, 219),
(1, 220),
(1, 221),
(1, 222),
(1, 223),
(1, 224),
(1, 225),
(1, 226),
(1, 227),
(1, 228),
(1, 229),
(1, 230),
(1, 231),
(1, 232),
(1, 233),
(1, 234),
(1, 235),
(1, 236),
(1, 237),
(1, 238),
(1, 239),
(1, 240),
(1, 241),
(1, 242),
(1, 243),
(1, 244),
(1, 245),
(1, 246),
(1, 247),
(1, 248),
(1, 249),
(1, 250),
(1, 251),
(1, 252),
(1, 253),
(1, 254),
(1, 255),
(1, 256),
(1, 257),
(1, 258),
(1, 259),
(1, 260),
(1, 261),
(1, 262),
(1, 263),
(1, 264),
(1, 265),
(1, 266),
(1, 267),
(1, 268),
(1, 269),
(1, 270),
(1, 271),
(1, 272),
(1, 273),
(1, 274),
(1, 275),
(1, 276),
(1, 277),
(1, 278),
(1, 279),
(1, 280),
(1, 281),
(1, 282),
(1, 283),
(1, 284),
(1, 285),
(1, 286),
(1, 287),
(1, 288),
(1, 289),
(1, 290),
(1, 291),
(1, 292),
(1, 293),
(1, 294),
(1, 295),
(1, 296),
(1, 297),
(1, 298),
(1, 299),
(1, 300),
(1, 301),
(1, 302),
(1, 303),
(1, 304),
(1, 305),
(1, 306),
(1, 307),
(1, 308),
(1, 309),
(1, 310),
(1, 311),
(1, 312),
(1, 313),
(1, 314),
(1, 315),
(1, 316),
(1, 317),
(1, 318),
(1, 319),
(1, 320),
(1, 321),
(1, 322),
(1, 323),
(1, 324),
(1, 325),
(1, 326),
(1, 327),
(1, 328),
(1, 329),
(1, 330),
(1, 331),
(1, 332),
(1, 333),
(1, 334),
(1, 335),
(1, 336),
(1, 337),
(1, 338),
(1, 339),
(1, 340),
(1, 341),
(1, 342),
(1, 343),
(1, 344),
(1, 345),
(1, 346),
(1, 347),
(1, 348),
(1, 349),
(1, 350),
(1, 351),
(1, 352),
(1, 353),
(1, 354),
(1, 355),
(1, 356),
(1, 357),
(1, 358),
(1, 359),
(1, 360),
(1, 361),
(1, 362),
(1, 363),
(1, 364),
(1, 365),
(2, 1),
(2, 2),
(2, 3),
(2, 4),
(2, 5),
(2, 6),
(2, 7),
(2, 8),
(2, 9),
(2, 10),
(2, 11),
(2, 12),
(2, 13),
(2, 14),
(2, 15),
(2, 16),
(2, 17),
(2, 18),
(2, 19),
(2, 20),
(2, 21),
(2, 22),
(2, 23),
(2, 24),
(2, 25),
(2, 26),
(2, 27),
(2, 28),
(2, 29),
(2, 30),
(2, 31),
(2, 32),
(2, 33),
(2, 34),
(2, 35),
(2, 36),
(2, 37),
(2, 38),
(2, 39),
(2, 40),
(2, 41),
(2, 42),
(2, 43),
(2, 44),
(2, 45),
(2, 46),
(2, 47),
(2, 48),
(2, 49),
(2, 50),
(2, 51),
(2, 52),
(2, 53),
(2, 54),
(2, 55),
(2, 56),
(2, 57),
(2, 58),
(2, 59),
(2, 60),
(2, 61),
(2, 62),
(2, 63),
(2, 64),
(2, 65),
(2, 66),
(2, 67),
(2, 68),
(2, 69),
(2, 70),
(2, 71),
(2, 72),
(2, 73),
(2, 74),
(2, 75),
(2, 76),
(2, 77),
(2, 78),
(2, 79),
(2, 80),
(2, 81),
(2, 82),
(2, 83),
(2, 84),
(2, 85),
(2, 86),
(2, 87),
(2, 88),
(2, 89),
(2, 90),
(2, 91),
(2, 92),
(2, 93),
(2, 94),
(2, 95),
(2, 96),
(2, 97),
(2, 98),
(2, 99),
(2, 100),
(2, 101),
(2, 102),
(2, 103),
(2, 104),
(2, 105),
(2, 106),
(2, 107),
(2, 108),
(2, 109),
(2, 110),
(2, 111),
(2, 112),
(2, 113),
(2, 114),
(2, 115),
(2, 116),
(2, 117),
(2, 118),
(2, 119),
(2, 120),
(2, 121),
(2, 122),
(2, 123),
(2, 124),
(2, 125),
(2, 126),
(2, 127),
(2, 128),
(2, 129),
(2, 130),
(2, 131),
(2, 132),
(2, 133),
(2, 134),
(2, 135),
(2, 136),
(2, 137),
(2, 138),
(2, 139),
(2, 140),
(2, 141),
(2, 142),
(2, 143),
(2, 144),
(2, 145),
(2, 146),
(2, 147),
(2, 148),
(2, 149),
(2, 150),
(2, 151),
(2, 152),
(2, 153),
(2, 154),
(2, 155),
(2, 156),
(2, 157),
(2, 158),
(2, 159),
(2, 160),
(2, 161),
(2, 162),
(2, 163),
(2, 164),
(2, 165),
(2, 166),
(2, 167),
(2, 168),
(2, 169),
(2, 170),
(2, 171),
(2, 172),
(2, 173),
(2, 174),
(2, 175),
(2, 176),
(2, 177),
(2, 178),
(2, 179),
(2, 180),
(2, 181),
(2, 182),
(2, 183),
(2, 184),
(2, 185),
(2, 186),
(2, 187),
(2, 188),
(2, 189),
(2, 190),
(2, 191),
(2, 192),
(2, 193),
(2, 194),
(2, 195),
(2, 196),
(2, 197),
(2, 198),
(2, 199),
(2, 200),
(2, 201),
(2, 202),
(2, 203),
(2, 204),
(2, 205),
(2, 206),
(2, 207),
(2, 208),
(2, 209),
(2, 210),
(2, 211),
(2, 212),
(2, 213),
(2, 214),
(2, 215),
(2, 216),
(2, 217),
(2, 218),
(2, 219),
(2, 220),
(2, 221),
(2, 222),
(2, 223),
(2, 224),
(2, 225),
(2, 226),
(2, 227),
(2, 228),
(2, 229),
(2, 230),
(2, 231),
(2, 232),
(2, 233),
(2, 234),
(2, 235),
(2, 236),
(2, 237),
(2, 238),
(2, 239),
(2, 240),
(2, 241),
(2, 242),
(2, 243),
(2, 244),
(2, 245),
(2, 246),
(2, 247),
(2, 248),
(2, 249),
(2, 250),
(2, 251),
(2, 252),
(2, 253),
(2, 254),
(2, 255),
(2, 256),
(2, 257),
(2, 258),
(2, 259),
(2, 260),
(2, 261),
(2, 262),
(2, 263),
(2, 264),
(2, 265),
(2, 266),
(2, 267),
(2, 268),
(2, 269),
(2, 270),
(2, 271),
(2, 272),
(2, 273),
(2, 274),
(2, 275),
(2, 276),
(2, 277),
(2, 278),
(2, 279),
(2, 280),
(2, 281),
(2, 282),
(2, 283),
(2, 284),
(2, 285),
(2, 286),
(2, 287),
(2, 288),
(2, 289),
(2, 290),
(2, 291),
(2, 292),
(2, 293),
(2, 294),
(2, 295),
(2, 296),
(2, 297),
(2, 298),
(2, 299),
(2, 300),
(2, 301),
(2, 302),
(2, 303),
(2, 304),
(2, 305),
(2, 306),
(2, 307),
(2, 308),
(2, 309),
(2, 310),
(2, 311),
(2, 312),
(2, 313),
(2, 314),
(2, 315),
(2, 316),
(2, 317),
(2, 318),
(2, 319),
(2, 320),
(2, 321),
(2, 322),
(2, 323),
(2, 324),
(2, 325),
(2, 326),
(2, 327),
(2, 328),
(2, 329),
(2, 330),
(2, 331),
(2, 332),
(2, 333),
(2, 334),
(2, 335),
(2, 336),
(2, 337),
(2, 338),
(2, 339),
(2, 340),
(2, 341),
(2, 342),
(2, 343),
(2, 344),
(2, 345),
(2, 346),
(2, 347),
(2, 348),
(2, 349),
(2, 350),
(2, 351),
(2, 352),
(2, 353),
(2, 354),
(2, 355),
(2, 356),
(2, 357),
(2, 358),
(2, 359),
(2, 360),
(2, 361),
(2, 362),
(2, 363),
(2, 364),
(2, 365),
(3, 1),
(3, 2),
(3, 3),
(3, 4),
(3, 5),
(3, 6),
(3, 7),
(3, 8),
(3, 9),
(3, 10),
(3, 11),
(3, 12),
(3, 13),
(3, 14),
(3, 15),
(3, 16),
(3, 17),
(3, 18),
(3, 19),
(3, 20),
(3, 21),
(3, 22),
(3, 23),
(3, 24),
(3, 25),
(3, 26),
(3, 27),
(3, 28),
(3, 29),
(3, 30),
(3, 31),
(3, 32),
(3, 33),
(3, 34),
(3, 35),
(3, 36),
(3, 37),
(3, 38),
(3, 39),
(3, 40),
(3, 41),
(3, 42),
(3, 43),
(3, 44),
(3, 45),
(3, 46),
(3, 47),
(3, 48),
(3, 49),
(3, 50),
(3, 51),
(3, 52),
(3, 53),
(3, 54),
(3, 55),
(3, 56),
(3, 57),
(3, 58),
(3, 59),
(3, 60),
(3, 61),
(3, 62),
(3, 63),
(3, 64),
(3, 65),
(3, 66),
(3, 67),
(3, 68),
(3, 69),
(3, 70),
(3, 71),
(3, 72),
(3, 73),
(3, 74),
(3, 75),
(3, 76),
(3, 77),
(3, 78),
(3, 79),
(3, 80),
(3, 81),
(3, 82),
(3, 83),
(3, 84),
(3, 85),
(3, 86),
(3, 87),
(3, 88),
(3, 89),
(3, 90),
(3, 91),
(3, 92),
(3, 93),
(3, 94),
(3, 95),
(3, 96),
(3, 97),
(3, 98),
(3, 99),
(3, 100),
(3, 101),
(3, 102),
(3, 103),
(3, 104),
(3, 105),
(3, 106),
(3, 107),
(3, 108),
(3, 109),
(3, 110),
(3, 111),
(3, 112),
(3, 113),
(3, 114),
(3, 115),
(3, 116),
(3, 117),
(3, 118),
(3, 119),
(3, 120),
(3, 121),
(3, 122),
(3, 123),
(3, 124),
(3, 125),
(3, 126),
(3, 127),
(3, 128),
(3, 129),
(3, 130),
(3, 131),
(3, 132),
(3, 133),
(3, 134),
(3, 135),
(3, 136),
(3, 137),
(3, 138),
(3, 139),
(3, 140),
(3, 141),
(3, 142),
(3, 143),
(3, 144),
(3, 145),
(3, 146),
(3, 147),
(3, 148),
(3, 149),
(3, 150),
(3, 151),
(3, 152),
(3, 153),
(3, 154),
(3, 155),
(3, 156),
(3, 157),
(3, 158),
(3, 159),
(3, 160),
(3, 161),
(3, 162),
(3, 163),
(3, 164),
(3, 165),
(3, 166),
(3, 167),
(3, 168),
(3, 169),
(3, 170),
(3, 171),
(3, 172),
(3, 173),
(3, 174),
(3, 175),
(3, 176),
(3, 177),
(3, 178),
(3, 179),
(3, 180),
(3, 181),
(3, 182),
(3, 183),
(3, 184),
(3, 185),
(3, 186),
(3, 187),
(3, 188),
(3, 189),
(3, 190),
(3, 191),
(3, 192),
(3, 193),
(3, 194),
(3, 195),
(3, 196),
(3, 197),
(3, 198),
(3, 199),
(3, 200),
(3, 201),
(3, 202),
(3, 203),
(3, 204),
(3, 205),
(3, 206),
(3, 207),
(3, 208),
(3, 209),
(3, 210),
(3, 211),
(3, 212),
(3, 213),
(3, 214),
(3, 215),
(3, 216),
(3, 217),
(3, 218),
(3, 219),
(3, 220),
(3, 221),
(3, 222),
(3, 223),
(3, 224),
(3, 225),
(3, 226),
(3, 227),
(3, 228),
(3, 229),
(3, 230),
(3, 231),
(3, 232),
(3, 233),
(3, 234),
(3, 235),
(3, 236),
(3, 237),
(3, 238),
(3, 239),
(3, 240),
(3, 241),
(3, 242),
(3, 243),
(3, 244),
(3, 245),
(3, 246),
(3, 247),
(3, 248),
(3, 249),
(3, 250),
(3, 251),
(3, 252),
(3, 253),
(3, 254),
(3, 255),
(3, 256),
(3, 257),
(3, 258),
(3, 259),
(3, 260),
(3, 261),
(3, 262),
(3, 263),
(3, 264),
(3, 265),
(3, 266),
(3, 267),
(3, 268),
(3, 269),
(3, 270),
(3, 271),
(3, 272),
(3, 273),
(3, 274),
(3, 275),
(3, 276),
(3, 277),
(3, 278),
(3, 279),
(3, 280),
(3, 281),
(3, 282),
(3, 283),
(3, 284),
(3, 285),
(3, 286),
(3, 287),
(3, 288),
(3, 289),
(3, 290),
(3, 291),
(3, 292),
(3, 293),
(3, 294),
(3, 295),
(3, 296),
(3, 297),
(3, 298),
(3, 299),
(3, 300),
(3, 301),
(3, 302),
(3, 303),
(3, 304),
(3, 305),
(3, 306),
(3, 307),
(3, 308),
(3, 309),
(3, 310),
(3, 311),
(3, 312),
(3, 313),
(3, 314),
(3, 315),
(3, 316),
(3, 317),
(3, 318),
(3, 319),
(3, 320),
(3, 321),
(3, 322),
(3, 323),
(3, 324),
(3, 325),
(3, 326),
(3, 327),
(3, 328),
(3, 329),
(3, 330),
(3, 331),
(3, 332),
(3, 333),
(3, 334),
(3, 335),
(3, 336),
(3, 337),
(3, 338),
(3, 339),
(3, 340),
(3, 341),
(3, 342),
(3, 343),
(3, 344),
(3, 345),
(3, 346),
(3, 347),
(3, 348),
(3, 349),
(3, 350),
(3, 351),
(3, 352),
(3, 353),
(3, 354),
(3, 355),
(3, 356),
(3, 357),
(3, 358),
(3, 359),
(3, 360),
(3, 361),
(3, 362),
(3, 363),
(3, 364),
(3, 365),
(4, 1),
(4, 2),
(4, 3),
(4, 4),
(4, 5),
(4, 6),
(4, 7),
(4, 8),
(4, 9),
(4, 10),
(4, 11),
(4, 12),
(4, 13),
(4, 14),
(4, 15),
(4, 16),
(4, 17),
(4, 18),
(4, 19),
(4, 20),
(4, 21),
(4, 22),
(4, 23),
(4, 24),
(4, 25),
(4, 26),
(4, 27),
(4, 28),
(4, 29),
(4, 30),
(4, 31),
(4, 32),
(4, 33),
(4, 34),
(4, 35),
(4, 36),
(4, 37),
(4, 38),
(4, 39),
(4, 40),
(4, 41),
(4, 42),
(4, 43),
(4, 44),
(4, 45),
(4, 46),
(4, 47),
(4, 48),
(4, 49),
(4, 50),
(4, 51),
(4, 52),
(4, 53),
(4, 54),
(4, 55),
(4, 56),
(4, 57),
(4, 58),
(4, 59),
(4, 60),
(4, 61),
(4, 62),
(4, 63),
(4, 64),
(4, 65),
(4, 66),
(4, 67),
(4, 68),
(4, 69),
(4, 70),
(4, 71),
(4, 72),
(4, 73),
(4, 74),
(4, 75),
(4, 76),
(4, 77),
(4, 78),
(4, 79),
(4, 80),
(4, 81),
(4, 82),
(4, 83),
(4, 84),
(4, 85),
(4, 86),
(4, 87),
(4, 88),
(4, 89),
(4, 90),
(4, 91),
(4, 92),
(4, 93),
(4, 94),
(4, 95),
(4, 96),
(4, 97),
(4, 98),
(4, 99),
(4, 100),
(4, 101),
(4, 102),
(4, 103),
(4, 104),
(4, 105),
(4, 106),
(4, 107),
(4, 108),
(4, 109),
(4, 110),
(4, 111),
(4, 112),
(4, 113),
(4, 114),
(4, 115),
(4, 116),
(4, 117),
(4, 118),
(4, 119),
(4, 120),
(4, 121),
(4, 122),
(4, 123),
(4, 124),
(4, 125),
(4, 126),
(4, 127),
(4, 128),
(4, 129),
(4, 130),
(4, 131),
(4, 132),
(4, 133),
(4, 134),
(4, 135),
(4, 136),
(4, 137),
(4, 138),
(4, 139),
(4, 140),
(4, 141),
(4, 142),
(4, 143),
(4, 144),
(4, 145),
(4, 146),
(4, 147),
(4, 148),
(4, 149),
(4, 150),
(4, 151),
(4, 152),
(4, 153),
(4, 154),
(4, 155),
(4, 156),
(4, 157),
(4, 158),
(4, 159),
(4, 160),
(4, 161),
(4, 162),
(4, 163),
(4, 164),
(4, 165),
(4, 166),
(4, 167),
(4, 168),
(4, 169),
(4, 170),
(4, 171),
(4, 172),
(4, 173),
(4, 174),
(4, 175),
(4, 176),
(4, 177),
(4, 178),
(4, 179),
(4, 180),
(4, 181),
(4, 182),
(4, 183),
(4, 184),
(4, 185),
(4, 186),
(4, 187),
(4, 188),
(4, 189),
(4, 190),
(4, 191),
(4, 192),
(4, 193),
(4, 194),
(4, 195),
(4, 196),
(4, 197),
(4, 198),
(4, 199),
(4, 200),
(4, 201),
(4, 202),
(4, 203),
(4, 204),
(4, 205),
(4, 206),
(4, 207),
(4, 208),
(4, 209),
(4, 210),
(4, 211),
(4, 212),
(4, 213),
(4, 214),
(4, 215),
(4, 216),
(4, 217),
(4, 218),
(4, 219),
(4, 220),
(4, 221),
(4, 222),
(4, 223),
(4, 224),
(4, 225),
(4, 226),
(4, 227),
(4, 228),
(4, 229),
(4, 230),
(4, 231),
(4, 232),
(4, 233),
(4, 234),
(4, 235),
(4, 236),
(4, 237),
(4, 238),
(4, 239),
(4, 240),
(4, 241),
(4, 242),
(4, 243),
(4, 244),
(4, 245),
(4, 246),
(4, 247),
(4, 248),
(4, 249),
(4, 250),
(4, 251),
(4, 252),
(4, 253),
(4, 254),
(4, 255),
(4, 256),
(4, 257),
(4, 258),
(4, 259),
(4, 260),
(4, 261),
(4, 262),
(4, 263),
(4, 264),
(4, 265),
(4, 266),
(4, 267),
(4, 268),
(4, 269),
(4, 270),
(4, 271),
(4, 272),
(4, 273),
(4, 274),
(4, 275),
(4, 276),
(4, 277),
(4, 278),
(4, 279),
(4, 280),
(4, 281),
(4, 282),
(4, 283),
(4, 284),
(4, 285),
(4, 286),
(4, 287),
(4, 288),
(4, 289),
(4, 290),
(4, 291),
(4, 292),
(4, 293),
(4, 294),
(4, 295),
(4, 296),
(4, 297),
(4, 298),
(4, 299),
(4, 300),
(4, 301),
(4, 302),
(4, 303),
(4, 304),
(4, 305),
(4, 306),
(4, 307),
(4, 308),
(4, 309),
(4, 310),
(4, 311),
(4, 312),
(4, 313),
(4, 314),
(4, 315),
(4, 316),
(4, 317),
(4, 318),
(4, 319),
(4, 320),
(4, 321),
(4, 322),
(4, 323),
(4, 324),
(4, 325),
(4, 326),
(4, 327),
(4, 328),
(4, 329),
(4, 330),
(4, 331),
(4, 332),
(4, 333),
(4, 334),
(4, 335),
(4, 336),
(4, 337),
(4, 338),
(4, 339),
(4, 340),
(4, 341),
(4, 342),
(4, 343),
(4, 344),
(4, 345),
(4, 346),
(4, 347),
(4, 348),
(4, 349),
(4, 350),
(4, 351),
(4, 352),
(4, 353),
(4, 354),
(4, 355),
(4, 356),
(4, 357),
(4, 358),
(4, 359),
(4, 360),
(4, 361),
(4, 362),
(4, 363),
(4, 364),
(4, 365),
(5, 1),
(5, 2),
(5, 3),
(5, 4),
(5, 5),
(5, 6),
(5, 7),
(5, 8),
(5, 9),
(5, 10),
(5, 11),
(5, 12),
(5, 13),
(5, 14),
(5, 15),
(5, 16),
(5, 17),
(5, 18),
(5, 19),
(5, 20),
(5, 21),
(5, 22),
(5, 23),
(5, 24),
(5, 25),
(5, 26),
(5, 27),
(5, 28),
(5, 29),
(5, 30),
(5, 31),
(5, 32),
(5, 33),
(5, 34),
(5, 35),
(5, 36),
(5, 37),
(5, 38),
(5, 39),
(5, 40),
(5, 41),
(5, 42),
(5, 43),
(5, 44),
(5, 45),
(5, 46),
(5, 47),
(5, 48),
(5, 49),
(5, 50),
(5, 51),
(5, 52),
(5, 53),
(5, 54),
(5, 55),
(5, 56),
(5, 57),
(5, 58),
(5, 59),
(5, 60),
(5, 61),
(5, 62),
(5, 63),
(5, 64),
(5, 65),
(5, 66),
(5, 67),
(5, 68),
(5, 69),
(5, 70),
(5, 71),
(5, 72),
(5, 73),
(5, 74),
(5, 75),
(5, 76),
(5, 77),
(5, 78),
(5, 79),
(5, 80),
(5, 81),
(5, 82),
(5, 83),
(5, 84),
(5, 85),
(5, 86),
(5, 87),
(5, 88),
(5, 89),
(5, 90),
(5, 91),
(5, 92),
(5, 93),
(5, 94),
(5, 95),
(5, 96),
(5, 97),
(5, 98),
(5, 99),
(5, 100),
(5, 101),
(5, 102),
(5, 103),
(5, 104),
(5, 105),
(5, 106),
(5, 107),
(5, 108),
(5, 109),
(5, 110),
(5, 111),
(5, 112),
(5, 113),
(5, 114),
(5, 115),
(5, 116),
(5, 117),
(5, 118),
(5, 119),
(5, 120),
(5, 121),
(5, 122),
(5, 123),
(5, 124),
(5, 125),
(5, 126),
(5, 127),
(5, 128),
(5, 129),
(5, 130),
(5, 131),
(5, 132),
(5, 133),
(5, 134),
(5, 135),
(5, 136),
(5, 137),
(5, 138),
(5, 139),
(5, 140),
(5, 141),
(5, 142),
(5, 143),
(5, 144),
(5, 145),
(5, 146),
(5, 147),
(5, 148),
(5, 149),
(5, 150),
(5, 151),
(5, 152),
(5, 153),
(5, 154),
(5, 155),
(5, 156),
(5, 157),
(5, 158),
(5, 159),
(5, 160),
(5, 161),
(5, 162),
(5, 163),
(5, 164),
(5, 165),
(5, 166),
(5, 167),
(5, 168),
(5, 169),
(5, 170),
(5, 171),
(5, 172),
(5, 173),
(5, 174),
(5, 175),
(5, 176),
(5, 177),
(5, 178),
(5, 179),
(5, 180),
(5, 181),
(5, 182),
(5, 183),
(5, 184),
(5, 185),
(5, 186),
(5, 187),
(5, 188),
(5, 189),
(5, 190),
(5, 191),
(5, 192),
(5, 193),
(5, 194),
(5, 195),
(5, 196),
(5, 197),
(5, 198),
(5, 199),
(5, 200),
(5, 201),
(5, 202),
(5, 203),
(5, 204),
(5, 205),
(5, 206),
(5, 207),
(5, 208),
(5, 209),
(5, 210),
(5, 211),
(5, 212),
(5, 213),
(5, 214),
(5, 215),
(5, 216),
(5, 217),
(5, 218),
(5, 219),
(5, 220),
(5, 221),
(5, 222),
(5, 223),
(5, 224),
(5, 225),
(5, 226),
(5, 227),
(5, 228),
(5, 229),
(5, 230),
(5, 231),
(5, 232),
(5, 233),
(5, 234),
(5, 235),
(5, 236),
(5, 237),
(5, 238),
(5, 239),
(5, 240),
(5, 241),
(5, 242),
(5, 243),
(5, 244),
(5, 245),
(5, 246),
(5, 247),
(5, 248),
(5, 249),
(5, 250),
(5, 251),
(5, 252),
(5, 253),
(5, 254),
(5, 255),
(5, 256),
(5, 257),
(5, 258),
(5, 259),
(5, 260),
(5, 261),
(5, 262),
(5, 263),
(5, 264),
(5, 265),
(5, 266),
(5, 267),
(5, 268),
(5, 269),
(5, 270),
(5, 271),
(5, 272),
(5, 273),
(5, 274),
(5, 275),
(5, 276),
(5, 277),
(5, 278),
(5, 279),
(5, 280),
(5, 281),
(5, 282),
(5, 283),
(5, 284),
(5, 285),
(5, 286),
(5, 287),
(5, 288),
(5, 289),
(5, 290),
(5, 291),
(5, 292),
(5, 293),
(5, 294),
(5, 295),
(5, 296),
(5, 297),
(5, 298),
(5, 299),
(5, 300),
(5, 301),
(5, 302),
(5, 303),
(5, 304),
(5, 305),
(5, 306),
(5, 307),
(5, 308),
(5, 309),
(5, 310),
(5, 311),
(5, 312),
(5, 313),
(5, 314),
(5, 315),
(5, 316),
(5, 317),
(5, 318),
(5, 319),
(5, 320),
(5, 321),
(5, 322),
(5, 323),
(5, 324),
(5, 325),
(5, 326),
(5, 327),
(5, 328),
(5, 329),
(5, 330),
(5, 331),
(5, 332),
(5, 333),
(5, 334),
(5, 335),
(5, 336),
(5, 337),
(5, 338),
(5, 339),
(5, 340),
(5, 341),
(5, 342),
(5, 343),
(5, 344),
(5, 345),
(5, 346),
(5, 347),
(5, 348),
(5, 349),
(5, 350),
(5, 351),
(5, 352),
(5, 353),
(5, 354),
(5, 355),
(5, 356),
(5, 357),
(5, 358),
(5, 359),
(5, 360),
(5, 361),
(5, 362),
(5, 363),
(5, 364),
(5, 365),
(6, 1),
(6, 2),
(6, 3),
(6, 4),
(6, 5),
(6, 6),
(6, 7),
(6, 8),
(6, 9),
(6, 10),
(6, 11),
(6, 12),
(6, 13),
(6, 14),
(6, 15),
(6, 16),
(6, 17),
(6, 18),
(6, 19),
(6, 20),
(6, 21),
(6, 22),
(6, 23),
(6, 24),
(6, 25),
(6, 26),
(6, 27),
(6, 28),
(6, 29),
(6, 30),
(6, 31),
(6, 32),
(6, 33),
(6, 34),
(6, 35),
(6, 36),
(6, 37),
(6, 38),
(6, 39),
(6, 40),
(6, 41),
(6, 42),
(6, 43),
(6, 44),
(6, 45),
(6, 46),
(6, 47),
(6, 48),
(6, 49),
(6, 50),
(6, 51),
(6, 52),
(6, 53),
(6, 54),
(6, 55),
(6, 56),
(6, 57),
(6, 58),
(6, 59),
(6, 60),
(6, 61),
(6, 62),
(6, 63),
(6, 64),
(6, 65),
(6, 66),
(6, 67),
(6, 68),
(6, 69),
(6, 70),
(6, 71),
(6, 72),
(6, 73),
(6, 74),
(6, 75),
(6, 76),
(6, 77),
(6, 78),
(6, 79),
(6, 80),
(6, 81),
(6, 82),
(6, 83),
(6, 84),
(6, 85),
(6, 86),
(6, 87),
(6, 88),
(6, 89),
(6, 90),
(6, 91),
(6, 92),
(6, 93),
(6, 94),
(6, 95),
(6, 96),
(6, 97),
(6, 98),
(6, 99),
(6, 100),
(6, 101),
(6, 102),
(6, 103),
(6, 104),
(6, 105),
(6, 106),
(6, 107),
(6, 108),
(6, 109),
(6, 110),
(6, 111),
(6, 112),
(6, 113),
(6, 114),
(6, 115),
(6, 116),
(6, 117),
(6, 118),
(6, 119),
(6, 120),
(6, 121),
(6, 122),
(6, 123),
(6, 124),
(6, 125),
(6, 126),
(6, 127),
(6, 128),
(6, 129),
(6, 130),
(6, 131),
(6, 132),
(6, 133),
(6, 134),
(6, 135),
(6, 136),
(6, 137),
(6, 138),
(6, 139),
(6, 140),
(6, 141),
(6, 142),
(6, 143),
(6, 144),
(6, 145),
(6, 146),
(6, 147),
(6, 148),
(6, 149),
(6, 150),
(6, 151),
(6, 152),
(6, 153),
(6, 154),
(6, 155),
(6, 156),
(6, 157),
(6, 158),
(6, 159),
(6, 160),
(6, 161),
(6, 162),
(6, 163),
(6, 164),
(6, 165),
(6, 166),
(6, 167),
(6, 168),
(6, 169),
(6, 170),
(6, 171),
(6, 172),
(6, 173),
(6, 174),
(6, 175),
(6, 176),
(6, 177),
(6, 178),
(6, 179),
(6, 180),
(6, 181),
(6, 182),
(6, 183),
(6, 184),
(6, 185),
(6, 186),
(6, 187),
(6, 188),
(6, 189),
(6, 190),
(6, 191),
(6, 192),
(6, 193),
(6, 194),
(6, 195),
(6, 196),
(6, 197),
(6, 198),
(6, 199),
(6, 200),
(6, 201),
(6, 202),
(6, 203),
(6, 204),
(6, 205),
(6, 206),
(6, 207),
(6, 208),
(6, 209),
(6, 210),
(6, 211),
(6, 212),
(6, 213),
(6, 214),
(6, 215),
(6, 216),
(6, 217),
(6, 218),
(6, 219),
(6, 220),
(6, 221),
(6, 222),
(6, 223),
(6, 224),
(6, 225),
(6, 226),
(6, 227),
(6, 228),
(6, 229),
(6, 230),
(6, 231),
(6, 232),
(6, 233),
(6, 234),
(6, 235),
(6, 236),
(6, 237),
(6, 238),
(6, 239),
(6, 240),
(6, 241),
(6, 242),
(6, 243),
(6, 244),
(6, 245),
(6, 246),
(6, 247),
(6, 248),
(6, 249),
(6, 250),
(6, 251),
(6, 252),
(6, 253),
(6, 254),
(6, 255),
(6, 256),
(6, 257),
(6, 258),
(6, 259),
(6, 260),
(6, 261),
(6, 262),
(6, 263),
(6, 264),
(6, 265),
(6, 266),
(6, 267),
(6, 268),
(6, 269),
(6, 270),
(6, 271),
(6, 272),
(6, 273),
(6, 274),
(6, 275),
(6, 276),
(6, 277),
(6, 278),
(6, 279),
(6, 280),
(6, 281),
(6, 282),
(6, 283),
(6, 284),
(6, 285),
(6, 286),
(6, 287),
(6, 288),
(6, 289),
(6, 290),
(6, 291),
(6, 292),
(6, 293),
(6, 294),
(6, 295),
(6, 296),
(6, 297),
(6, 298),
(6, 299),
(6, 300),
(6, 301),
(6, 302),
(6, 303),
(6, 304),
(6, 305),
(6, 306),
(6, 307),
(6, 308),
(6, 309),
(6, 310),
(6, 311),
(6, 312),
(6, 313),
(6, 314),
(6, 315),
(6, 316),
(6, 317),
(6, 318),
(6, 319),
(6, 320),
(6, 321),
(6, 322),
(6, 323),
(6, 324),
(6, 325),
(6, 326),
(6, 327),
(6, 328),
(6, 329),
(6, 330),
(6, 331),
(6, 332),
(6, 333),
(6, 334),
(6, 335),
(6, 336),
(6, 337),
(6, 338),
(6, 339),
(6, 340),
(6, 341),
(6, 342),
(6, 343),
(6, 344),
(6, 345),
(6, 346),
(6, 347),
(6, 348),
(6, 349),
(6, 350),
(6, 351),
(6, 352),
(6, 353),
(6, 354),
(6, 355),
(6, 356),
(6, 357),
(6, 358),
(6, 359),
(6, 360),
(6, 361),
(6, 362),
(6, 363),
(6, 364),
(6, 365),
(7, 1),
(7, 2),
(7, 3),
(7, 4),
(7, 5),
(7, 6),
(7, 7),
(7, 8),
(7, 9),
(7, 10),
(7, 11),
(7, 12),
(7, 13),
(7, 14),
(7, 15),
(7, 16),
(7, 17),
(7, 18),
(7, 19),
(7, 20),
(7, 21),
(7, 22),
(7, 23),
(7, 24),
(7, 25),
(7, 26),
(7, 27),
(7, 28),
(7, 29),
(7, 30),
(7, 31),
(7, 32),
(7, 33),
(7, 34),
(7, 35),
(7, 36),
(7, 37),
(7, 38),
(7, 39),
(7, 40),
(7, 41),
(7, 42),
(7, 43),
(7, 44),
(7, 45),
(7, 46),
(7, 47),
(7, 48),
(7, 49),
(7, 50),
(7, 51),
(7, 52),
(7, 53),
(7, 54),
(7, 55),
(7, 56),
(7, 57),
(7, 58),
(7, 59),
(7, 60),
(7, 61),
(7, 62),
(7, 63),
(7, 64),
(7, 65),
(7, 66),
(7, 67),
(7, 68),
(7, 69),
(7, 70),
(7, 71),
(7, 72),
(7, 73),
(7, 74),
(7, 75),
(7, 76),
(7, 77),
(7, 78),
(7, 79),
(7, 80),
(7, 81),
(7, 82),
(7, 83),
(7, 84),
(7, 85),
(7, 86),
(7, 87),
(7, 88),
(7, 89),
(7, 90),
(7, 91),
(7, 92),
(7, 93),
(7, 94),
(7, 95),
(7, 96),
(7, 97),
(7, 98),
(7, 99),
(7, 100),
(7, 101),
(7, 102),
(7, 103),
(7, 104),
(7, 105),
(7, 106),
(7, 107),
(7, 108),
(7, 109),
(7, 110),
(7, 111),
(7, 112),
(7, 113),
(7, 114),
(7, 115),
(7, 116),
(7, 117),
(7, 118),
(7, 119),
(7, 120),
(7, 121),
(7, 122),
(7, 123),
(7, 124),
(7, 125),
(7, 126),
(7, 127),
(7, 128),
(7, 129),
(7, 130),
(7, 131),
(7, 132),
(7, 133),
(7, 134),
(7, 135),
(7, 136),
(7, 137),
(7, 138),
(7, 139),
(7, 140),
(7, 141),
(7, 142),
(7, 143),
(7, 144),
(7, 145),
(7, 146),
(7, 147),
(7, 148),
(7, 149),
(7, 150),
(7, 151),
(7, 152),
(7, 153),
(7, 154),
(7, 155),
(7, 156),
(7, 157),
(7, 158),
(7, 159),
(7, 160),
(7, 161),
(7, 162),
(7, 163),
(7, 164),
(7, 165),
(7, 166),
(7, 167),
(7, 168),
(7, 169),
(7, 170),
(7, 171),
(7, 172),
(7, 173),
(7, 174),
(7, 175),
(7, 176),
(7, 177),
(7, 178),
(7, 179),
(7, 180),
(7, 181),
(7, 182),
(7, 183),
(7, 184),
(7, 185),
(7, 186),
(7, 187),
(7, 188),
(7, 189),
(7, 190),
(7, 191),
(7, 192),
(7, 193),
(7, 194),
(7, 195),
(7, 196),
(7, 197),
(7, 198),
(7, 199),
(7, 200),
(7, 201),
(7, 202),
(7, 203),
(7, 204),
(7, 205),
(7, 206),
(7, 207),
(7, 208),
(7, 209),
(7, 210),
(7, 211),
(7, 212),
(7, 213),
(7, 214),
(7, 215),
(7, 216),
(7, 217),
(7, 218),
(7, 219),
(7, 220),
(7, 221),
(7, 222),
(7, 223),
(7, 224),
(7, 225),
(7, 226),
(7, 227),
(7, 228),
(7, 229),
(7, 230),
(7, 231),
(7, 232),
(7, 233),
(7, 234),
(7, 235),
(7, 236),
(7, 237),
(7, 238),
(7, 239),
(7, 240),
(7, 241),
(7, 242),
(7, 243),
(7, 244),
(7, 245),
(7, 246),
(7, 247),
(7, 248),
(7, 249),
(7, 250),
(7, 251),
(7, 252),
(7, 253),
(7, 254),
(7, 255),
(7, 256),
(7, 257),
(7, 258),
(7, 259),
(7, 260),
(7, 261),
(7, 262),
(7, 263),
(7, 264),
(7, 265),
(7, 266),
(7, 267),
(7, 268),
(7, 269),
(7, 270),
(7, 271),
(7, 272),
(7, 273),
(7, 274),
(7, 275),
(7, 276),
(7, 277),
(7, 278),
(7, 279),
(7, 280),
(7, 281),
(7, 282),
(7, 283),
(7, 284),
(7, 285),
(7, 286),
(7, 287),
(7, 288),
(7, 289),
(7, 290),
(7, 291),
(7, 292),
(7, 293),
(7, 294),
(7, 295),
(7, 296),
(7, 297),
(7, 298),
(7, 299),
(7, 300),
(7, 301),
(7, 302),
(7, 303),
(7, 304),
(7, 305),
(7, 306),
(7, 307),
(7, 308),
(7, 309),
(7, 310),
(7, 311),
(7, 312),
(7, 313),
(7, 314),
(7, 315),
(7, 316),
(7, 317),
(7, 318),
(7, 319),
(7, 320),
(7, 321),
(7, 322),
(7, 323),
(7, 324),
(7, 325),
(7, 326),
(7, 327),
(7, 328),
(7, 329),
(7, 330),
(7, 331),
(7, 332),
(7, 333),
(7, 334),
(7, 335),
(7, 336),
(7, 337),
(7, 338),
(7, 339),
(7, 340),
(7, 341),
(7, 342),
(7, 343),
(7, 344),
(7, 345),
(7, 346),
(7, 347),
(7, 348),
(7, 349),
(7, 350),
(7, 351),
(7, 352),
(7, 353),
(7, 354),
(7, 355),
(7, 356),
(7, 357),
(7, 358),
(7, 359),
(7, 360),
(7, 361),
(7, 362),
(7, 363),
(7, 364),
(7, 365),
(8, 1),
(8, 2),
(8, 3),
(8, 4),
(8, 5),
(8, 6),
(8, 7),
(8, 8),
(8, 9),
(8, 10),
(8, 11),
(8, 12),
(8, 13),
(8, 14),
(8, 15),
(8, 16),
(8, 17),
(8, 18),
(8, 19),
(8, 20),
(8, 21),
(8, 22),
(8, 23),
(8, 24),
(8, 25),
(8, 26),
(8, 27),
(8, 28),
(8, 29),
(8, 30),
(8, 31),
(8, 32),
(8, 33),
(8, 34),
(8, 35),
(8, 36),
(8, 37),
(8, 38),
(8, 39),
(8, 40),
(8, 41),
(8, 42),
(8, 43),
(8, 44),
(8, 45),
(8, 46),
(8, 47),
(8, 48),
(8, 49),
(8, 50),
(8, 51),
(8, 52),
(8, 53),
(8, 54),
(8, 55),
(8, 56),
(8, 57),
(8, 58),
(8, 59),
(8, 60),
(8, 61),
(8, 62),
(8, 63),
(8, 64),
(8, 65),
(8, 66),
(8, 67),
(8, 68),
(8, 69),
(8, 70),
(8, 71),
(8, 72),
(8, 73),
(8, 74),
(8, 75),
(8, 76),
(8, 77),
(8, 78),
(8, 79),
(8, 80),
(8, 81),
(8, 82),
(8, 83),
(8, 84),
(8, 85),
(8, 86),
(8, 87),
(8, 88),
(8, 89),
(8, 90),
(8, 91),
(8, 92),
(8, 93),
(8, 94),
(8, 95),
(8, 96),
(8, 97),
(8, 98),
(8, 99),
(8, 100),
(8, 101),
(8, 102),
(8, 103),
(8, 104),
(8, 105),
(8, 106),
(8, 107),
(8, 108),
(8, 109),
(8, 110),
(8, 111),
(8, 112),
(8, 113),
(8, 114),
(8, 115),
(8, 116),
(8, 117),
(8, 118),
(8, 119),
(8, 120),
(8, 121),
(8, 122),
(8, 123),
(8, 124),
(8, 125),
(8, 126),
(8, 127),
(8, 128),
(8, 129),
(8, 130),
(8, 131),
(8, 132),
(8, 133),
(8, 134),
(8, 135),
(8, 136),
(8, 137),
(8, 138),
(8, 139),
(8, 140),
(8, 141),
(8, 142),
(8, 143),
(8, 144),
(8, 145),
(8, 146),
(8, 147),
(8, 148),
(8, 149),
(8, 150),
(8, 151),
(8, 152),
(8, 153),
(8, 154),
(8, 155),
(8, 156),
(8, 157),
(8, 158),
(8, 159),
(8, 160),
(8, 161),
(8, 162),
(8, 163),
(8, 164),
(8, 165),
(8, 166),
(8, 167),
(8, 168),
(8, 169),
(8, 170),
(8, 171),
(8, 172),
(8, 173),
(8, 174),
(8, 175),
(8, 176),
(8, 177),
(8, 178),
(8, 179),
(8, 180),
(8, 181),
(8, 182),
(8, 183),
(8, 184),
(8, 185),
(8, 186),
(8, 187),
(8, 188),
(8, 189),
(8, 190),
(8, 191),
(8, 192),
(8, 193),
(8, 194),
(8, 195),
(8, 196),
(8, 197),
(8, 198),
(8, 199),
(8, 200),
(8, 201),
(8, 202),
(8, 203),
(8, 204),
(8, 205),
(8, 206),
(8, 207),
(8, 208),
(8, 209),
(8, 210),
(8, 211),
(8, 212),
(8, 213),
(8, 214),
(8, 215),
(8, 216),
(8, 217),
(8, 218),
(8, 219),
(8, 220),
(8, 221),
(8, 222),
(8, 223),
(8, 224),
(8, 225),
(8, 226),
(8, 227),
(8, 228),
(8, 229),
(8, 230),
(8, 231),
(8, 232),
(8, 233),
(8, 234),
(8, 235),
(8, 236),
(8, 237),
(8, 238),
(8, 239),
(8, 240),
(8, 241),
(8, 242),
(8, 243),
(8, 244),
(8, 245),
(8, 246),
(8, 247),
(8, 248),
(8, 249),
(8, 250),
(8, 251),
(8, 252),
(8, 253),
(8, 254),
(8, 255),
(8, 256),
(8, 257),
(8, 258),
(8, 259),
(8, 260),
(8, 261),
(8, 262),
(8, 263),
(8, 264),
(8, 265),
(8, 266),
(8, 267),
(8, 268),
(8, 269),
(8, 270),
(8, 271),
(8, 272),
(8, 273),
(8, 274),
(8, 275),
(8, 276),
(8, 277),
(8, 278),
(8, 279),
(8, 280),
(8, 281),
(8, 282),
(8, 283),
(8, 284),
(8, 285),
(8, 286),
(8, 287),
(8, 288),
(8, 289),
(8, 290),
(8, 291),
(8, 292),
(8, 293),
(8, 294),
(8, 295),
(8, 296),
(8, 297),
(8, 298),
(8, 299),
(8, 300),
(8, 301),
(8, 302),
(8, 303),
(8, 304),
(8, 305),
(8, 306),
(8, 307),
(8, 308),
(8, 309),
(8, 310),
(8, 311),
(8, 312),
(8, 313),
(8, 314),
(8, 315),
(8, 316),
(8, 317),
(8, 318),
(8, 319),
(8, 320),
(8, 321),
(8, 322),
(8, 323),
(8, 324),
(8, 325),
(8, 326),
(8, 327),
(8, 328),
(8, 329),
(8, 330),
(8, 331),
(8, 332),
(8, 333),
(8, 334),
(8, 335),
(8, 336),
(8, 337),
(8, 338),
(8, 339),
(8, 340),
(8, 341),
(8, 342),
(8, 343),
(8, 344),
(8, 345),
(8, 346),
(8, 347),
(8, 348),
(8, 349),
(8, 350),
(8, 351),
(8, 352),
(8, 353),
(8, 354),
(8, 355),
(8, 356),
(8, 357),
(8, 358),
(8, 359),
(8, 360),
(8, 361),
(8, 362),
(8, 363),
(8, 364),
(8, 365),
(9, 1),
(9, 2),
(9, 3),
(9, 4),
(9, 5),
(9, 6),
(9, 7),
(9, 8),
(9, 9),
(9, 10),
(9, 11),
(9, 12),
(9, 13),
(9, 14),
(9, 15),
(9, 16),
(9, 17),
(9, 18),
(9, 19),
(9, 20),
(9, 21),
(9, 22),
(9, 23),
(9, 24),
(9, 25),
(9, 26),
(9, 27),
(9, 28),
(9, 29),
(9, 30),
(9, 31),
(9, 32),
(9, 33),
(9, 34),
(9, 35),
(9, 36),
(9, 37),
(9, 38),
(9, 39),
(9, 40),
(9, 41),
(9, 42),
(9, 43),
(9, 44),
(9, 45),
(9, 46),
(9, 47),
(9, 48),
(9, 49),
(9, 50),
(9, 51),
(9, 52),
(9, 53),
(9, 54),
(9, 55),
(9, 56),
(9, 57),
(9, 58),
(9, 59),
(9, 60),
(9, 61),
(9, 62),
(9, 63),
(9, 64),
(9, 65),
(9, 66),
(9, 67),
(9, 68),
(9, 69),
(9, 70),
(9, 71),
(9, 72),
(9, 73),
(9, 74),
(9, 75),
(9, 76),
(9, 77),
(9, 78),
(9, 79),
(9, 80),
(9, 81),
(9, 82),
(9, 83),
(9, 84),
(9, 85),
(9, 86),
(9, 87),
(9, 88),
(9, 89),
(9, 90),
(9, 91),
(9, 92),
(9, 93),
(9, 94),
(9, 95),
(9, 96),
(9, 97),
(9, 98),
(9, 99),
(9, 100),
(9, 101),
(9, 102),
(9, 103),
(9, 104),
(9, 105),
(9, 106),
(9, 107),
(9, 108),
(9, 109),
(9, 110),
(9, 111),
(9, 112),
(9, 113),
(9, 114),
(9, 115),
(9, 116),
(9, 117),
(9, 118),
(9, 119),
(9, 120),
(9, 121),
(9, 122),
(9, 123),
(9, 124),
(9, 125),
(9, 126),
(9, 127),
(9, 128),
(9, 129),
(9, 130),
(9, 131),
(9, 132),
(9, 133),
(9, 134),
(9, 135),
(9, 136),
(9, 137),
(9, 138),
(9, 139),
(9, 140),
(9, 141),
(9, 142),
(9, 143),
(9, 144),
(9, 145),
(9, 146),
(9, 147),
(9, 148),
(9, 149),
(9, 150),
(9, 151),
(9, 152),
(9, 153),
(9, 154),
(9, 155),
(9, 156),
(9, 157),
(9, 158),
(9, 159),
(9, 160),
(9, 161),
(9, 162),
(9, 163),
(9, 164),
(9, 165),
(9, 166),
(9, 167),
(9, 168),
(9, 169),
(9, 170),
(9, 171),
(9, 172),
(9, 173),
(9, 174),
(9, 175),
(9, 176),
(9, 177),
(9, 178),
(9, 179),
(9, 180),
(9, 181),
(9, 182),
(9, 183),
(9, 184),
(9, 185),
(9, 186),
(9, 187),
(9, 188),
(9, 189),
(9, 190),
(9, 191),
(9, 192),
(9, 193),
(9, 194),
(9, 195),
(9, 196),
(9, 197),
(9, 198),
(9, 199),
(9, 200),
(9, 201),
(9, 202),
(9, 203),
(9, 204),
(9, 205),
(9, 206),
(9, 207),
(9, 208),
(9, 209),
(9, 210),
(9, 211),
(9, 212),
(9, 213),
(9, 214),
(9, 215),
(9, 216),
(9, 217),
(9, 218),
(9, 219),
(9, 220),
(9, 221),
(9, 222),
(9, 223),
(9, 224),
(9, 225),
(9, 226),
(9, 227),
(9, 228),
(9, 229),
(9, 230),
(9, 231),
(9, 232),
(9, 233),
(9, 234),
(9, 235),
(9, 236),
(9, 237),
(9, 238),
(9, 239),
(9, 240),
(9, 241),
(9, 242),
(9, 243),
(9, 244),
(9, 245),
(9, 246),
(9, 247),
(9, 248),
(9, 249),
(9, 250),
(9, 251),
(9, 252),
(9, 253),
(9, 254),
(9, 255),
(9, 256),
(9, 257),
(9, 258),
(9, 259),
(9, 260),
(9, 261),
(9, 262),
(9, 263),
(9, 264),
(9, 265),
(9, 266),
(9, 267),
(9, 268),
(9, 269),
(9, 270),
(9, 271),
(9, 272),
(9, 273),
(9, 274),
(9, 275),
(9, 276),
(9, 277),
(9, 278),
(9, 279),
(9, 280),
(9, 281),
(9, 282),
(9, 283),
(9, 284),
(9, 285),
(9, 286),
(9, 287),
(9, 288),
(9, 289),
(9, 290),
(9, 291),
(9, 292),
(9, 293),
(9, 294),
(9, 295),
(9, 296),
(9, 297),
(9, 298),
(9, 299),
(9, 300),
(9, 301),
(9, 302),
(9, 303),
(9, 304),
(9, 305),
(9, 306),
(9, 307),
(9, 308),
(9, 309),
(9, 310),
(9, 311),
(9, 312),
(9, 313),
(9, 314),
(9, 315),
(9, 316),
(9, 317),
(9, 318),
(9, 319),
(9, 320),
(9, 321),
(9, 322),
(9, 323),
(9, 324),
(9, 325),
(9, 326),
(9, 327),
(9, 328),
(9, 329),
(9, 330),
(9, 331),
(9, 332),
(9, 333),
(9, 334),
(9, 335),
(9, 336),
(9, 337),
(9, 338),
(9, 339),
(9, 340),
(9, 341),
(9, 342),
(9, 343),
(9, 344),
(9, 345),
(9, 346),
(9, 347),
(9, 348),
(9, 349),
(9, 350),
(9, 351),
(9, 352),
(9, 353),
(9, 354),
(9, 355),
(9, 356),
(9, 357),
(9, 358),
(9, 359),
(9, 360),
(9, 361),
(9, 362),
(9, 363),
(9, 364),
(9, 365),
(10, 1),
(10, 2),
(10, 3),
(10, 4),
(10, 5),
(10, 6),
(10, 7),
(10, 8),
(10, 9),
(10, 10),
(10, 11),
(10, 12),
(10, 13),
(10, 14),
(10, 15),
(10, 16),
(10, 17),
(10, 18),
(10, 19),
(10, 20),
(10, 21),
(10, 22),
(10, 23),
(10, 24),
(10, 25),
(10, 26),
(10, 27),
(10, 28),
(10, 29),
(10, 30),
(10, 31),
(10, 32),
(10, 33),
(10, 34),
(10, 35),
(10, 36),
(10, 37),
(10, 38),
(10, 39),
(10, 40),
(10, 41),
(10, 42),
(10, 43),
(10, 44),
(10, 45),
(10, 46),
(10, 47),
(10, 48),
(10, 49),
(10, 50),
(10, 51),
(10, 52),
(10, 53),
(10, 54),
(10, 55),
(10, 56),
(10, 57),
(10, 58),
(10, 59),
(10, 60),
(10, 61),
(10, 62),
(10, 63),
(10, 64),
(10, 65),
(10, 66),
(10, 67),
(10, 68),
(10, 69),
(10, 70),
(10, 71),
(10, 72),
(10, 73),
(10, 74),
(10, 75),
(10, 76),
(10, 77),
(10, 78),
(10, 79),
(10, 80),
(10, 81),
(10, 82),
(10, 83),
(10, 84),
(10, 85),
(10, 86),
(10, 87),
(10, 88),
(10, 89),
(10, 90),
(10, 91),
(10, 92),
(10, 93),
(10, 94),
(10, 95),
(10, 96),
(10, 97),
(10, 98),
(10, 99),
(10, 100),
(10, 101),
(10, 102),
(10, 103),
(10, 104),
(10, 105),
(10, 106),
(10, 107),
(10, 108),
(10, 109),
(10, 110),
(10, 111),
(10, 112),
(10, 113),
(10, 114),
(10, 115),
(10, 116),
(10, 117),
(10, 118),
(10, 119),
(10, 120),
(10, 121),
(10, 122),
(10, 123),
(10, 124),
(10, 125),
(10, 126),
(10, 127),
(10, 128),
(10, 129),
(10, 130),
(10, 131),
(10, 132),
(10, 133),
(10, 134),
(10, 135),
(10, 136),
(10, 137),
(10, 138),
(10, 139),
(10, 140),
(10, 141),
(10, 142),
(10, 143),
(10, 144),
(10, 145),
(10, 146),
(10, 147),
(10, 148),
(10, 149),
(10, 150),
(10, 151),
(10, 152),
(10, 153),
(10, 154),
(10, 155),
(10, 156),
(10, 157),
(10, 158),
(10, 159),
(10, 160),
(10, 161),
(10, 162),
(10, 163),
(10, 164),
(10, 165),
(10, 166),
(10, 167),
(10, 168),
(10, 169),
(10, 170),
(10, 171),
(10, 172),
(10, 173),
(10, 174),
(10, 175),
(10, 176),
(10, 177),
(10, 178),
(10, 179),
(10, 180),
(10, 181),
(10, 182),
(10, 183),
(10, 184),
(10, 185),
(10, 186),
(10, 187),
(10, 188),
(10, 189),
(10, 190),
(10, 191),
(10, 192),
(10, 193),
(10, 194),
(10, 195),
(10, 196),
(10, 197),
(10, 198),
(10, 199),
(10, 200),
(10, 201),
(10, 202),
(10, 203),
(10, 204),
(10, 205),
(10, 206),
(10, 207),
(10, 208),
(10, 209),
(10, 210),
(10, 211),
(10, 212),
(10, 213),
(10, 214),
(10, 215),
(10, 216),
(10, 217),
(10, 218),
(10, 219),
(10, 220),
(10, 221),
(10, 222),
(10, 223),
(10, 224),
(10, 225),
(10, 226),
(10, 227),
(10, 228),
(10, 229),
(10, 230),
(10, 231),
(10, 232),
(10, 233),
(10, 234),
(10, 235),
(10, 236),
(10, 237),
(10, 238),
(10, 239),
(10, 240),
(10, 241),
(10, 242),
(10, 243),
(10, 244),
(10, 245),
(10, 246),
(10, 247),
(10, 248),
(10, 249),
(10, 250),
(10, 251),
(10, 252),
(10, 253),
(10, 254),
(10, 255),
(10, 256),
(10, 257),
(10, 258),
(10, 259),
(10, 260),
(10, 261),
(10, 262),
(10, 263),
(10, 264),
(10, 265),
(10, 266),
(10, 267),
(10, 268),
(10, 269),
(10, 270),
(10, 271),
(10, 272),
(10, 273),
(10, 274),
(10, 275),
(10, 276),
(10, 277),
(10, 278),
(10, 279),
(10, 280),
(10, 281),
(10, 282),
(10, 283),
(10, 284),
(10, 285),
(10, 286),
(10, 287),
(10, 288),
(10, 289),
(10, 290),
(10, 291),
(10, 292),
(10, 293),
(10, 294),
(10, 295),
(10, 296),
(10, 297),
(10, 298),
(10, 299),
(10, 300),
(10, 301),
(10, 302),
(10, 303),
(10, 304),
(10, 305),
(10, 306),
(10, 307),
(10, 308),
(10, 309),
(10, 310),
(10, 311),
(10, 312),
(10, 313),
(10, 314),
(10, 315),
(10, 316),
(10, 317),
(10, 318),
(10, 319),
(10, 320),
(10, 321),
(10, 322),
(10, 323),
(10, 324),
(10, 325),
(10, 326),
(10, 327),
(10, 328),
(10, 329),
(10, 330),
(10, 331),
(10, 332),
(10, 333),
(10, 334),
(10, 335),
(10, 336),
(10, 337),
(10, 338),
(10, 339),
(10, 340),
(10, 341),
(10, 342),
(10, 343),
(10, 344),
(10, 345),
(10, 346),
(10, 347),
(10, 348),
(10, 349),
(10, 350),
(10, 351),
(10, 352),
(10, 353),
(10, 354),
(10, 355),
(10, 356),
(10, 357),
(10, 358),
(10, 359),
(10, 360),
(10, 361),
(10, 362),
(10, 363),
(10, 364),
(10, 365),
(11, 1),
(11, 2),
(11, 3),
(11, 4),
(11, 5),
(11, 6),
(11, 7),
(11, 8),
(11, 9),
(11, 10),
(11, 11),
(11, 12),
(11, 13),
(11, 14),
(11, 15),
(11, 16),
(11, 17),
(11, 18),
(11, 19),
(11, 20),
(11, 21),
(11, 22),
(11, 23),
(11, 24),
(11, 25),
(11, 26),
(11, 27),
(11, 28),
(11, 29),
(11, 30),
(11, 31),
(11, 32),
(11, 33),
(11, 34),
(11, 35),
(11, 36),
(11, 37),
(11, 38),
(11, 39),
(11, 40),
(11, 41),
(11, 42),
(11, 43),
(11, 44),
(11, 45),
(11, 46),
(11, 47),
(11, 48),
(11, 49),
(11, 50),
(11, 51),
(11, 52),
(11, 53),
(11, 54),
(11, 55),
(11, 56),
(11, 57),
(11, 58),
(11, 59),
(11, 60),
(11, 61),
(11, 62),
(11, 63),
(11, 64),
(11, 65),
(11, 66),
(11, 67),
(11, 68),
(11, 69),
(11, 70),
(11, 71),
(11, 72),
(11, 73),
(11, 74),
(11, 75),
(11, 76),
(11, 77),
(11, 78),
(11, 79),
(11, 80),
(11, 81),
(11, 82),
(11, 83),
(11, 84),
(11, 85),
(11, 86),
(11, 87),
(11, 88),
(11, 89),
(11, 90),
(11, 91),
(11, 92),
(11, 93),
(11, 94),
(11, 95),
(11, 96),
(11, 97),
(11, 98),
(11, 99),
(11, 100),
(11, 101),
(11, 102),
(11, 103),
(11, 104),
(11, 105),
(11, 106),
(11, 107),
(11, 108),
(11, 109),
(11, 110),
(11, 111),
(11, 112),
(11, 113),
(11, 114),
(11, 115),
(11, 116),
(11, 117),
(11, 118),
(11, 119),
(11, 120),
(11, 121),
(11, 122),
(11, 123),
(11, 124),
(11, 125),
(11, 126),
(11, 127),
(11, 128),
(11, 129),
(11, 130),
(11, 131),
(11, 132),
(11, 133),
(11, 134),
(11, 135),
(11, 136),
(11, 137),
(11, 138),
(11, 139),
(11, 140),
(11, 141),
(11, 142),
(11, 143),
(11, 144),
(11, 145),
(11, 146),
(11, 147),
(11, 148),
(11, 149),
(11, 150),
(11, 151),
(11, 152),
(11, 153),
(11, 154),
(11, 155),
(11, 156),
(11, 157),
(11, 158),
(11, 159),
(11, 160),
(11, 161),
(11, 162),
(11, 163),
(11, 164),
(11, 165),
(11, 166),
(11, 167),
(11, 168),
(11, 169),
(11, 170),
(11, 171),
(11, 172),
(11, 173),
(11, 174),
(11, 175),
(11, 176),
(11, 177),
(11, 178),
(11, 179),
(11, 180),
(11, 181),
(11, 182),
(11, 183),
(11, 184),
(11, 185),
(11, 186),
(11, 187),
(11, 188),
(11, 189),
(11, 190),
(11, 191),
(11, 192),
(11, 193),
(11, 194),
(11, 195),
(11, 196),
(11, 197),
(11, 198),
(11, 199),
(11, 200),
(11, 201),
(11, 202),
(11, 203),
(11, 204),
(11, 205),
(11, 206),
(11, 207),
(11, 208),
(11, 209),
(11, 210),
(11, 211),
(11, 212),
(11, 213),
(11, 214),
(11, 215),
(11, 216),
(11, 217),
(11, 218),
(11, 219),
(11, 220),
(11, 221),
(11, 222),
(11, 223),
(11, 224),
(11, 225),
(11, 226),
(11, 227),
(11, 228),
(11, 229),
(11, 230),
(11, 231),
(11, 232),
(11, 233),
(11, 234),
(11, 235),
(11, 236),
(11, 237),
(11, 238),
(11, 239),
(11, 240),
(11, 241),
(11, 242),
(11, 243),
(11, 244),
(11, 245),
(11, 246),
(11, 247),
(11, 248),
(11, 249),
(11, 250),
(11, 251),
(11, 252),
(11, 253),
(11, 254),
(11, 255),
(11, 256),
(11, 257),
(11, 258),
(11, 259),
(11, 260),
(11, 261),
(11, 262),
(11, 263),
(11, 264),
(11, 265),
(11, 266),
(11, 267),
(11, 268),
(11, 269),
(11, 270),
(11, 271),
(11, 272),
(11, 273),
(11, 274),
(11, 275),
(11, 276),
(11, 277),
(11, 278),
(11, 279),
(11, 280),
(11, 281),
(11, 282),
(11, 283),
(11, 284),
(11, 285),
(11, 286),
(11, 287),
(11, 288),
(11, 289),
(11, 290),
(11, 291),
(11, 292),
(11, 293),
(11, 294),
(11, 295),
(11, 296),
(11, 297),
(11, 298),
(11, 299),
(11, 300),
(11, 301),
(11, 302),
(11, 303),
(11, 304),
(11, 305),
(11, 306),
(11, 307),
(11, 308),
(11, 309),
(11, 310),
(11, 311),
(11, 312),
(11, 313),
(11, 314),
(11, 315),
(11, 316),
(11, 317),
(11, 318),
(11, 319),
(11, 320),
(11, 321),
(11, 322),
(11, 323),
(11, 324),
(11, 325),
(11, 326),
(11, 327),
(11, 328),
(11, 329),
(11, 330),
(11, 331),
(11, 332),
(11, 333),
(11, 334),
(11, 335),
(11, 336),
(11, 337),
(11, 338),
(11, 339),
(11, 340),
(11, 341),
(11, 342),
(11, 343),
(11, 344),
(11, 345),
(11, 346),
(11, 347),
(11, 348),
(11, 349),
(11, 350),
(11, 351),
(11, 352),
(11, 353),
(11, 354),
(11, 355),
(11, 356),
(11, 357),
(11, 358),
(11, 359),
(11, 360),
(11, 361),
(11, 362),
(11, 363),
(11, 364),
(11, 365),
(12, 1),
(12, 2),
(12, 3),
(12, 4),
(12, 5),
(12, 6),
(12, 7),
(12, 8),
(12, 9),
(12, 10),
(12, 11),
(12, 12),
(12, 13),
(12, 14),
(12, 15),
(12, 16),
(12, 17),
(12, 18),
(12, 19),
(12, 20),
(12, 21),
(12, 22),
(12, 23),
(12, 24),
(12, 25),
(12, 26),
(12, 27),
(12, 28),
(12, 29),
(12, 30),
(12, 31),
(12, 32),
(12, 33),
(12, 34),
(12, 35),
(12, 36),
(12, 37),
(12, 38),
(12, 39),
(12, 40),
(12, 41),
(12, 42),
(12, 43),
(12, 44),
(12, 45),
(12, 46),
(12, 47),
(12, 48),
(12, 49),
(12, 50),
(12, 51),
(12, 52),
(12, 53),
(12, 54),
(12, 55),
(12, 56),
(12, 57),
(12, 58),
(12, 59),
(12, 60),
(12, 61),
(12, 62),
(12, 63),
(12, 64),
(12, 65),
(12, 66),
(12, 67),
(12, 68),
(12, 69),
(12, 70),
(12, 71),
(12, 72),
(12, 73),
(12, 74),
(12, 75),
(12, 76),
(12, 77),
(12, 78),
(12, 79),
(12, 80),
(12, 81),
(12, 82),
(12, 83),
(12, 84),
(12, 85),
(12, 86),
(12, 87),
(12, 88),
(12, 89),
(12, 90),
(12, 91),
(12, 92),
(12, 93),
(12, 94),
(12, 95),
(12, 96),
(12, 97),
(12, 98),
(12, 99),
(12, 100),
(12, 101),
(12, 102),
(12, 103),
(12, 104),
(12, 105),
(12, 106),
(12, 107),
(12, 108),
(12, 109),
(12, 110),
(12, 111),
(12, 112),
(12, 113),
(12, 114),
(12, 115),
(12, 116),
(12, 117),
(12, 118),
(12, 119),
(12, 120),
(12, 121),
(12, 122),
(12, 123),
(12, 124),
(12, 125),
(12, 126),
(12, 127),
(12, 128),
(12, 129),
(12, 130),
(12, 131),
(12, 132),
(12, 133),
(12, 134),
(12, 135),
(12, 136),
(12, 137),
(12, 138),
(12, 139),
(12, 140),
(12, 141),
(12, 142),
(12, 143),
(12, 144),
(12, 145),
(12, 146),
(12, 147),
(12, 148),
(12, 149),
(12, 150),
(12, 151),
(12, 152),
(12, 153),
(12, 154),
(12, 155),
(12, 156),
(12, 157),
(12, 158),
(12, 159),
(12, 160),
(12, 161),
(12, 162),
(12, 163),
(12, 164),
(12, 165),
(12, 166),
(12, 167),
(12, 168),
(12, 169),
(12, 170),
(12, 171),
(12, 172),
(12, 173),
(12, 174),
(12, 175),
(12, 176),
(12, 177),
(12, 178),
(12, 179),
(12, 180),
(12, 181),
(12, 182),
(12, 183),
(12, 184),
(12, 185),
(12, 186),
(12, 187),
(12, 188),
(12, 189),
(12, 190),
(12, 191),
(12, 192),
(12, 193),
(12, 194),
(12, 195),
(12, 196),
(12, 197),
(12, 198),
(12, 199),
(12, 200),
(12, 201),
(12, 202),
(12, 203),
(12, 204),
(12, 205),
(12, 206),
(12, 207),
(12, 208),
(12, 209),
(12, 210),
(12, 211),
(12, 212),
(12, 213),
(12, 214),
(12, 215),
(12, 216),
(12, 217),
(12, 218),
(12, 219),
(12, 220),
(12, 221),
(12, 222),
(12, 223),
(12, 224),
(12, 225),
(12, 226),
(12, 227),
(12, 228),
(12, 229),
(12, 230),
(12, 231),
(12, 232),
(12, 233),
(12, 234),
(12, 235),
(12, 236),
(12, 237),
(12, 238),
(12, 239),
(12, 240),
(12, 241),
(12, 242),
(12, 243),
(12, 244),
(12, 245),
(12, 246),
(12, 247),
(12, 248),
(12, 249),
(12, 250),
(12, 251),
(12, 252),
(12, 253),
(12, 254),
(12, 255),
(12, 256),
(12, 257),
(12, 258),
(12, 259),
(12, 260),
(12, 261),
(12, 262),
(12, 263),
(12, 264),
(12, 265),
(12, 266),
(12, 267),
(12, 268),
(12, 269),
(12, 270),
(12, 271),
(12, 272),
(12, 273),
(12, 274),
(12, 275),
(12, 276),
(12, 277),
(12, 278),
(12, 279),
(12, 280),
(12, 281),
(12, 282),
(12, 283),
(12, 284),
(12, 285),
(12, 286),
(12, 287),
(12, 288),
(12, 289),
(12, 290),
(12, 291),
(12, 292),
(12, 293),
(12, 294),
(12, 295),
(12, 296),
(12, 297),
(12, 298),
(12, 299),
(12, 300),
(12, 301),
(12, 302),
(12, 303),
(12, 304),
(12, 305),
(12, 306),
(12, 307),
(12, 308),
(12, 309),
(12, 310),
(12, 311),
(12, 312),
(12, 313),
(12, 314),
(12, 315),
(12, 316),
(12, 317),
(12, 318),
(12, 319),
(12, 320),
(12, 321),
(12, 322),
(12, 323),
(12, 324),
(12, 325),
(12, 326),
(12, 327),
(12, 328),
(12, 329),
(12, 330),
(12, 331),
(12, 332),
(12, 333),
(12, 334),
(12, 335),
(12, 336),
(12, 337),
(12, 338),
(12, 339),
(12, 340),
(12, 341),
(12, 342),
(12, 343),
(12, 344),
(12, 345),
(12, 346),
(12, 347),
(12, 348),
(12, 349),
(12, 350),
(12, 351),
(12, 352),
(12, 353),
(12, 354),
(12, 355),
(12, 356),
(12, 357),
(12, 358),
(12, 359),
(12, 360),
(12, 361),
(12, 362),
(12, 363),
(12, 364),
(12, 365),
(13, 1),
(13, 2),
(13, 3),
(13, 4),
(13, 5),
(13, 6),
(13, 7),
(13, 8),
(13, 9),
(13, 10),
(13, 11),
(13, 12),
(13, 13),
(13, 14),
(13, 15),
(13, 16),
(13, 17),
(13, 18),
(13, 19),
(13, 20),
(13, 21),
(13, 22),
(13, 23),
(13, 24),
(13, 25),
(13, 26),
(13, 27),
(13, 28),
(13, 29),
(13, 30),
(13, 31),
(13, 32),
(13, 33),
(13, 34),
(13, 35),
(13, 36),
(13, 37),
(13, 38),
(13, 39),
(13, 40),
(13, 41),
(13, 42),
(13, 43),
(13, 44),
(13, 45),
(13, 46),
(13, 47),
(13, 48),
(13, 49),
(13, 50),
(13, 51),
(13, 52),
(13, 53),
(13, 54),
(13, 55),
(13, 56),
(13, 57),
(13, 58),
(13, 59),
(13, 60),
(13, 61),
(13, 62),
(13, 63),
(13, 64),
(13, 65),
(13, 66),
(13, 67),
(13, 68),
(13, 69),
(13, 70),
(13, 71),
(13, 72),
(13, 73),
(13, 74),
(13, 75),
(13, 76),
(13, 77),
(13, 78),
(13, 79),
(13, 80),
(13, 81),
(13, 82),
(13, 83),
(13, 84),
(13, 85),
(13, 86),
(13, 87),
(13, 88),
(13, 89),
(13, 90),
(13, 91),
(13, 92),
(13, 93),
(13, 94),
(13, 95),
(13, 96),
(13, 97),
(13, 98),
(13, 99),
(13, 100),
(13, 101),
(13, 102),
(13, 103),
(13, 104),
(13, 105),
(13, 106),
(13, 107),
(13, 108),
(13, 109),
(13, 110),
(13, 111),
(13, 112),
(13, 113),
(13, 114),
(13, 115),
(13, 116),
(13, 117),
(13, 118),
(13, 119),
(13, 120),
(13, 121),
(13, 122),
(13, 123),
(13, 124),
(13, 125),
(13, 126),
(13, 127),
(13, 128),
(13, 129),
(13, 130),
(13, 131),
(13, 132),
(13, 133),
(13, 134),
(13, 135),
(13, 136),
(13, 137),
(13, 138),
(13, 139),
(13, 140),
(13, 141),
(13, 142),
(13, 143),
(13, 144),
(13, 145),
(13, 146),
(13, 147),
(13, 148),
(13, 149),
(13, 150),
(13, 151),
(13, 152),
(13, 153),
(13, 154),
(13, 155),
(13, 156),
(13, 157),
(13, 158),
(13, 159),
(13, 160),
(13, 161),
(13, 162),
(13, 163),
(13, 164),
(13, 165),
(13, 166),
(13, 167),
(13, 168),
(13, 169),
(13, 170),
(13, 171),
(13, 172),
(13, 173),
(13, 174),
(13, 175),
(13, 176),
(13, 177),
(13, 178),
(13, 179),
(13, 180),
(13, 181),
(13, 182),
(13, 183),
(13, 184),
(13, 185),
(13, 186),
(13, 187),
(13, 188),
(13, 189),
(13, 190),
(13, 191),
(13, 192),
(13, 193),
(13, 194),
(13, 195),
(13, 196),
(13, 197),
(13, 198),
(13, 199),
(13, 200),
(13, 201),
(13, 202),
(13, 203),
(13, 204),
(13, 205),
(13, 206),
(13, 207),
(13, 208),
(13, 209),
(13, 210),
(13, 211),
(13, 212),
(13, 213),
(13, 214),
(13, 215),
(13, 216),
(13, 217),
(13, 218),
(13, 219),
(13, 220),
(13, 221),
(13, 222),
(13, 223),
(13, 224),
(13, 225),
(13, 226),
(13, 227),
(13, 228),
(13, 229),
(13, 230),
(13, 231),
(13, 232),
(13, 233),
(13, 234),
(13, 235),
(13, 236),
(13, 237),
(13, 238),
(13, 239),
(13, 240),
(13, 241),
(13, 242),
(13, 243),
(13, 244),
(13, 245),
(13, 246),
(13, 247),
(13, 248),
(13, 249),
(13, 250),
(13, 251),
(13, 252),
(13, 253),
(13, 254),
(13, 255),
(13, 256),
(13, 257),
(13, 258),
(13, 259),
(13, 260),
(13, 261),
(13, 262),
(13, 263),
(13, 264),
(13, 265),
(13, 266),
(13, 267),
(13, 268),
(13, 269),
(13, 270),
(13, 271),
(13, 272),
(13, 273),
(13, 274),
(13, 275),
(13, 276),
(13, 277),
(13, 278),
(13, 279),
(13, 280),
(13, 281),
(13, 282),
(13, 283),
(13, 284),
(13, 285),
(13, 286),
(13, 287),
(13, 288),
(13, 289),
(13, 290),
(13, 291),
(13, 292),
(13, 293),
(13, 294),
(13, 295),
(13, 296),
(13, 297),
(13, 298),
(13, 299),
(13, 300),
(13, 301),
(13, 302),
(13, 303),
(13, 304),
(13, 305),
(13, 306),
(13, 307),
(13, 308),
(13, 309),
(13, 310),
(13, 311),
(13, 312),
(13, 313),
(13, 314),
(13, 315),
(13, 316),
(13, 317),
(13, 318),
(13, 319),
(13, 320),
(13, 321),
(13, 322),
(13, 323),
(13, 324),
(13, 325),
(13, 326),
(13, 327),
(13, 328),
(13, 329),
(13, 330),
(13, 331),
(13, 332),
(13, 333),
(13, 334),
(13, 335),
(13, 336),
(13, 337),
(13, 338),
(13, 339),
(13, 340),
(13, 341),
(13, 342),
(13, 343),
(13, 344),
(13, 345),
(13, 346),
(13, 347),
(13, 348),
(13, 349),
(13, 350),
(13, 351),
(13, 352),
(13, 353),
(13, 354),
(13, 355),
(13, 356),
(13, 357),
(13, 358),
(13, 359),
(13, 360),
(13, 361),
(13, 362),
(13, 363),
(13, 364),
(13, 365),
(14, 1),
(14, 2),
(14, 3),
(14, 4),
(14, 5),
(14, 6),
(14, 7),
(14, 8),
(14, 9),
(14, 10),
(14, 11),
(14, 12),
(14, 13),
(14, 14),
(14, 15),
(14, 16),
(14, 17),
(14, 18),
(14, 19),
(14, 20),
(14, 21),
(14, 22),
(14, 23),
(14, 24),
(14, 25),
(14, 26),
(14, 27),
(14, 28),
(14, 29),
(14, 30),
(14, 31),
(14, 32),
(14, 33),
(14, 34),
(14, 35),
(14, 36),
(14, 37),
(14, 38),
(14, 39),
(14, 40),
(14, 41),
(14, 42),
(14, 43),
(14, 44),
(14, 45),
(14, 46),
(14, 47),
(14, 48),
(14, 49),
(14, 50),
(14, 51),
(14, 52),
(14, 53),
(14, 54),
(14, 55),
(14, 56),
(14, 57),
(14, 58),
(14, 59),
(14, 60),
(14, 61),
(14, 62),
(14, 63),
(14, 64),
(14, 65),
(14, 66),
(14, 67),
(14, 68),
(14, 69),
(14, 70),
(14, 71),
(14, 72),
(14, 73),
(14, 74),
(14, 75),
(14, 76),
(14, 77),
(14, 78),
(14, 79),
(14, 80),
(14, 81),
(14, 82),
(14, 83),
(14, 84),
(14, 85),
(14, 86),
(14, 87),
(14, 88),
(14, 89),
(14, 90),
(14, 91),
(14, 92),
(14, 93),
(14, 94),
(14, 95),
(14, 96),
(14, 97),
(14, 98),
(14, 99),
(14, 100),
(14, 101),
(14, 102),
(14, 103),
(14, 104),
(14, 105),
(14, 106),
(14, 107),
(14, 108),
(14, 109),
(14, 110),
(14, 111),
(14, 112),
(14, 113),
(14, 114),
(14, 115),
(14, 116),
(14, 117),
(14, 118),
(14, 119),
(14, 120),
(14, 121),
(14, 122),
(14, 123),
(14, 124),
(14, 125),
(14, 126),
(14, 127),
(14, 128),
(14, 129),
(14, 130),
(14, 131),
(14, 132),
(14, 133),
(14, 134),
(14, 135),
(14, 136),
(14, 137),
(14, 138),
(14, 139),
(14, 140),
(14, 141),
(14, 142),
(14, 143),
(14, 144),
(14, 145),
(14, 146),
(14, 147),
(14, 148),
(14, 149),
(14, 150),
(14, 151),
(14, 152),
(14, 153),
(14, 154),
(14, 155),
(14, 156),
(14, 157),
(14, 158),
(14, 159),
(14, 160),
(14, 161),
(14, 162),
(14, 163),
(14, 164),
(14, 165),
(14, 166),
(14, 167),
(14, 168),
(14, 169),
(14, 170),
(14, 171),
(14, 172),
(14, 173),
(14, 174),
(14, 175),
(14, 176),
(14, 177),
(14, 178),
(14, 179),
(14, 180),
(14, 181),
(14, 182),
(14, 183),
(14, 184),
(14, 185),
(14, 186),
(14, 187),
(14, 188),
(14, 189),
(14, 190),
(14, 191),
(14, 192),
(14, 193),
(14, 194),
(14, 195),
(14, 196),
(14, 197),
(14, 198),
(14, 199),
(14, 200),
(14, 201),
(14, 202),
(14, 203),
(14, 204),
(14, 205),
(14, 206),
(14, 207),
(14, 208),
(14, 209),
(14, 210),
(14, 211),
(14, 212),
(14, 213),
(14, 214),
(14, 215),
(14, 216),
(14, 217),
(14, 218),
(14, 219),
(14, 220),
(14, 221),
(14, 222),
(14, 223),
(14, 224),
(14, 225),
(14, 226),
(14, 227),
(14, 228),
(14, 229),
(14, 230),
(14, 231),
(14, 232),
(14, 233),
(14, 234),
(14, 235),
(14, 236),
(14, 237),
(14, 238),
(14, 239),
(14, 240),
(14, 241),
(14, 242),
(14, 243),
(14, 244),
(14, 245),
(14, 246),
(14, 247),
(14, 248),
(14, 249),
(14, 250),
(14, 251),
(14, 252),
(14, 253),
(14, 254),
(14, 255),
(14, 256),
(14, 257),
(14, 258),
(14, 259),
(14, 260),
(14, 261),
(14, 262),
(14, 263),
(14, 264),
(14, 265),
(14, 266),
(14, 267),
(14, 268),
(14, 269),
(14, 270),
(14, 271),
(14, 272),
(14, 273),
(14, 274),
(14, 275),
(14, 276),
(14, 277),
(14, 278),
(14, 279),
(14, 280),
(14, 281),
(14, 282),
(14, 283),
(14, 284),
(14, 285),
(14, 286),
(14, 287),
(14, 288),
(14, 289),
(14, 290),
(14, 291),
(14, 292),
(14, 293),
(14, 294),
(14, 295),
(14, 296),
(14, 297),
(14, 298),
(14, 299),
(14, 300),
(14, 301),
(14, 302),
(14, 303),
(14, 304),
(14, 305),
(14, 306),
(14, 307),
(14, 308),
(14, 309),
(14, 310),
(14, 311),
(14, 312),
(14, 313),
(14, 314),
(14, 315),
(14, 316),
(14, 317),
(14, 318),
(14, 319),
(14, 320),
(14, 321),
(14, 322),
(14, 323),
(14, 324),
(14, 325),
(14, 326),
(14, 327),
(14, 328),
(14, 329),
(14, 330),
(14, 331),
(14, 332),
(14, 333),
(14, 334),
(14, 335),
(14, 336),
(14, 337),
(14, 338),
(14, 339),
(14, 340),
(14, 341),
(14, 342),
(14, 343),
(14, 344),
(14, 345),
(14, 346),
(14, 347),
(14, 348),
(14, 349),
(14, 350),
(14, 351),
(14, 352),
(14, 353),
(14, 354),
(14, 355),
(14, 356),
(14, 357),
(14, 358),
(14, 359),
(14, 360),
(14, 361),
(14, 362),
(14, 363),
(14, 364),
(14, 365),
(15, 1),
(15, 2),
(15, 3),
(15, 4),
(15, 5),
(15, 6),
(15, 7),
(15, 8),
(15, 9),
(15, 10),
(15, 11),
(15, 12),
(15, 13),
(15, 14),
(15, 15),
(15, 16),
(15, 17),
(15, 18),
(15, 19),
(15, 20),
(15, 21),
(15, 22),
(15, 23),
(15, 24),
(15, 25),
(15, 26),
(15, 27),
(15, 28),
(15, 29),
(15, 30),
(15, 31),
(15, 32),
(15, 33),
(15, 34),
(15, 35),
(15, 36),
(15, 37),
(15, 38),
(15, 39),
(15, 40),
(15, 41),
(15, 42),
(15, 43),
(15, 44),
(15, 45),
(15, 46),
(15, 47),
(15, 48),
(15, 49),
(15, 50),
(15, 51),
(15, 52),
(15, 53),
(15, 54),
(15, 55),
(15, 56),
(15, 57),
(15, 58),
(15, 59),
(15, 60),
(15, 61),
(15, 62),
(15, 63),
(15, 64),
(15, 65),
(15, 66),
(15, 67),
(15, 68),
(15, 69),
(15, 70),
(15, 71),
(15, 72),
(15, 73),
(15, 74),
(15, 75),
(15, 76),
(15, 77),
(15, 78),
(15, 79),
(15, 80),
(15, 81),
(15, 82),
(15, 83),
(15, 84),
(15, 85),
(15, 86),
(15, 87),
(15, 88),
(15, 89),
(15, 90),
(15, 91),
(15, 92),
(15, 93),
(15, 94),
(15, 95),
(15, 96),
(15, 97),
(15, 98),
(15, 99),
(15, 100),
(15, 101),
(15, 102),
(15, 103),
(15, 104),
(15, 105),
(15, 106),
(15, 107),
(15, 108),
(15, 109),
(15, 110),
(15, 111),
(15, 112),
(15, 113),
(15, 114),
(15, 115),
(15, 116),
(15, 117),
(15, 118),
(15, 119),
(15, 120),
(15, 121),
(15, 122),
(15, 123),
(15, 124),
(15, 125),
(15, 126),
(15, 127),
(15, 128),
(15, 129),
(15, 130),
(15, 131),
(15, 132),
(15, 133),
(15, 134),
(15, 135),
(15, 136),
(15, 137),
(15, 138),
(15, 139),
(15, 140),
(15, 141),
(15, 142),
(15, 143),
(15, 144),
(15, 145),
(15, 146),
(15, 147),
(15, 148),
(15, 149),
(15, 150),
(15, 151),
(15, 152),
(15, 153),
(15, 154),
(15, 155),
(15, 156),
(15, 157),
(15, 158),
(15, 159),
(15, 160),
(15, 161),
(15, 162),
(15, 163),
(15, 164),
(15, 165),
(15, 166),
(15, 167),
(15, 168),
(15, 169),
(15, 170),
(15, 171),
(15, 172),
(15, 173),
(15, 174),
(15, 175),
(15, 176),
(15, 177),
(15, 178),
(15, 179),
(15, 180),
(15, 181),
(15, 182),
(15, 183),
(15, 184),
(15, 185),
(15, 186),
(15, 187),
(15, 188),
(15, 189),
(15, 190),
(15, 191),
(15, 192),
(15, 193),
(15, 194),
(15, 195),
(15, 196),
(15, 197),
(15, 198),
(15, 199),
(15, 200),
(15, 201),
(15, 202),
(15, 203),
(15, 204),
(15, 205),
(15, 206),
(15, 207),
(15, 208),
(15, 209),
(15, 210),
(15, 211),
(15, 212),
(15, 213),
(15, 214),
(15, 215),
(15, 216),
(15, 217),
(15, 218),
(15, 219),
(15, 220),
(15, 221),
(15, 222),
(15, 223),
(15, 224),
(15, 225),
(15, 226),
(15, 227),
(15, 228),
(15, 229),
(15, 230),
(15, 231),
(15, 232),
(15, 233),
(15, 234),
(15, 235),
(15, 236),
(15, 237),
(15, 238),
(15, 239),
(15, 240),
(15, 241),
(15, 242),
(15, 243),
(15, 244),
(15, 245),
(15, 246),
(15, 247),
(15, 248),
(15, 249),
(15, 250),
(15, 251),
(15, 252),
(15, 253),
(15, 254),
(15, 255),
(15, 256),
(15, 257),
(15, 258),
(15, 259),
(15, 260),
(15, 261),
(15, 262),
(15, 263),
(15, 264),
(15, 265),
(15, 266),
(15, 267),
(15, 268),
(15, 269),
(15, 270),
(15, 271),
(15, 272),
(15, 273),
(15, 274),
(15, 275),
(15, 276),
(15, 277),
(15, 278),
(15, 279),
(15, 280),
(15, 281),
(15, 282),
(15, 283),
(15, 284),
(15, 285),
(15, 286),
(15, 287),
(15, 288),
(15, 289),
(15, 290),
(15, 291),
(15, 292),
(15, 293),
(15, 294),
(15, 295),
(15, 296),
(15, 297),
(15, 298),
(15, 299),
(15, 300),
(15, 301),
(15, 302),
(15, 303),
(15, 304),
(15, 305),
(15, 306),
(15, 307),
(15, 308),
(15, 309),
(15, 310),
(15, 311),
(15, 312),
(15, 313),
(15, 314),
(15, 315),
(15, 316),
(15, 317),
(15, 318),
(15, 319),
(15, 320),
(15, 321),
(15, 322),
(15, 323),
(15, 324),
(15, 325),
(15, 326),
(15, 327),
(15, 328),
(15, 329),
(15, 330),
(15, 331),
(15, 332),
(15, 333),
(15, 334),
(15, 335),
(15, 336),
(15, 337),
(15, 338),
(15, 339),
(15, 340),
(15, 341),
(15, 342),
(15, 343),
(15, 344),
(15, 345),
(15, 346),
(15, 347),
(15, 348),
(15, 349),
(15, 350),
(15, 351),
(15, 352),
(15, 353),
(15, 354),
(15, 355),
(15, 356),
(15, 357),
(15, 358),
(15, 359),
(15, 360),
(15, 361),
(15, 362),
(15, 363),
(15, 364),
(15, 365),
(16, 1),
(16, 2),
(16, 3),
(16, 4),
(16, 5),
(16, 6),
(16, 7),
(16, 8),
(16, 9),
(16, 10),
(16, 11),
(16, 12),
(16, 13),
(16, 14),
(16, 15),
(16, 16),
(16, 17),
(16, 18),
(16, 19),
(16, 20),
(16, 21),
(16, 22),
(16, 23),
(16, 24),
(16, 25),
(16, 26),
(16, 27),
(16, 28),
(16, 29),
(16, 30),
(16, 31),
(16, 32),
(16, 33),
(16, 34),
(16, 35),
(16, 36),
(16, 37),
(16, 38),
(16, 39),
(16, 40),
(16, 41),
(16, 42),
(16, 43),
(16, 44),
(16, 45),
(16, 46),
(16, 47),
(16, 48),
(16, 49),
(16, 50),
(16, 51),
(16, 52),
(16, 53),
(16, 54),
(16, 55),
(16, 56),
(16, 57),
(16, 58),
(16, 59),
(16, 60),
(16, 61),
(16, 62),
(16, 63),
(16, 64),
(16, 65),
(16, 66),
(16, 67),
(16, 68),
(16, 69),
(16, 70),
(16, 71),
(16, 72),
(16, 73),
(16, 74),
(16, 75),
(16, 76),
(16, 77),
(16, 78),
(16, 79),
(16, 80),
(16, 81),
(16, 82),
(16, 83),
(16, 84),
(16, 85),
(16, 86),
(16, 87),
(16, 88),
(16, 89),
(16, 90),
(16, 91),
(16, 92),
(16, 93),
(16, 94),
(16, 95),
(16, 96),
(16, 97),
(16, 98),
(16, 99),
(16, 100),
(16, 101),
(16, 102),
(16, 103),
(16, 104),
(16, 105),
(16, 106),
(16, 107),
(16, 108),
(16, 109),
(16, 110),
(16, 111),
(16, 112),
(16, 113),
(16, 114),
(16, 115),
(16, 116),
(16, 117),
(16, 118),
(16, 119),
(16, 120),
(16, 121),
(16, 122),
(16, 123),
(16, 124),
(16, 125),
(16, 126),
(16, 127),
(16, 128),
(16, 129),
(16, 130),
(16, 131),
(16, 132),
(16, 133),
(16, 134),
(16, 135),
(16, 136),
(16, 137),
(16, 138),
(16, 139),
(16, 140),
(16, 141),
(16, 142),
(16, 143),
(16, 144),
(16, 145),
(16, 146),
(16, 147),
(16, 148),
(16, 149),
(16, 150),
(16, 151),
(16, 152),
(16, 153),
(16, 154),
(16, 155),
(16, 156),
(16, 157),
(16, 158),
(16, 159),
(16, 160),
(16, 161),
(16, 162),
(16, 163),
(16, 164),
(16, 165),
(16, 166),
(16, 167),
(16, 168),
(16, 169),
(16, 170),
(16, 171),
(16, 172),
(16, 173),
(16, 174),
(16, 175),
(16, 176),
(16, 177),
(16, 178),
(16, 179),
(16, 180),
(16, 181),
(16, 182),
(16, 183),
(16, 184),
(16, 185),
(16, 186),
(16, 187),
(16, 188),
(16, 189),
(16, 190),
(16, 191),
(16, 192),
(16, 193),
(16, 194),
(16, 195),
(16, 196),
(16, 197),
(16, 198),
(16, 199),
(16, 200),
(16, 201),
(16, 202),
(16, 203),
(16, 204),
(16, 205),
(16, 206),
(16, 207),
(16, 208),
(16, 209),
(16, 210),
(16, 211),
(16, 212),
(16, 213),
(16, 214),
(16, 215),
(16, 216),
(16, 217),
(16, 218),
(16, 219),
(16, 220),
(16, 221),
(16, 222),
(16, 223),
(16, 224),
(16, 225),
(16, 226),
(16, 227),
(16, 228),
(16, 229),
(16, 230),
(16, 231),
(16, 232),
(16, 233),
(16, 234),
(16, 235),
(16, 236),
(16, 237),
(16, 238),
(16, 239),
(16, 240),
(16, 241),
(16, 242),
(16, 243),
(16, 244),
(16, 245),
(16, 246),
(16, 247),
(16, 248),
(16, 249),
(16, 250),
(16, 251),
(16, 252),
(16, 253),
(16, 254),
(16, 255),
(16, 256),
(16, 257),
(16, 258),
(16, 259),
(16, 260),
(16, 261),
(16, 262),
(16, 263),
(16, 264),
(16, 265),
(16, 266),
(16, 267),
(16, 268),
(16, 269),
(16, 270),
(16, 271),
(16, 272),
(16, 273),
(16, 274),
(16, 275),
(16, 276),
(16, 277),
(16, 278),
(16, 279),
(16, 280),
(16, 281),
(16, 282),
(16, 283),
(16, 284),
(16, 285),
(16, 286),
(16, 287),
(16, 288),
(16, 289),
(16, 290),
(16, 291),
(16, 292),
(16, 293),
(16, 294),
(16, 295),
(16, 296),
(16, 297),
(16, 298),
(16, 299),
(16, 300),
(16, 301),
(16, 302),
(16, 303),
(16, 304),
(16, 305),
(16, 306),
(16, 307),
(16, 308),
(16, 309),
(16, 310),
(16, 311),
(16, 312),
(16, 313),
(16, 314),
(16, 315),
(16, 316),
(16, 317),
(16, 318),
(16, 319),
(16, 320),
(16, 321),
(16, 322),
(16, 323),
(16, 324),
(16, 325),
(16, 326),
(16, 327),
(16, 328),
(16, 329),
(16, 330),
(16, 331),
(16, 332),
(16, 333),
(16, 334),
(16, 335),
(16, 336),
(16, 337),
(16, 338),
(16, 339),
(16, 340),
(16, 341),
(16, 342),
(16, 343),
(16, 344),
(16, 345),
(16, 346),
(16, 347),
(16, 348),
(16, 349),
(16, 350),
(16, 351),
(16, 352),
(16, 353),
(16, 354),
(16, 355),
(16, 356),
(16, 357),
(16, 358),
(16, 359),
(16, 360),
(16, 361),
(16, 362),
(16, 363),
(16, 364),
(16, 365),
(17, 1),
(17, 2),
(17, 3),
(17, 4),
(17, 5),
(17, 6),
(17, 7),
(17, 8),
(17, 9),
(17, 10),
(17, 11),
(17, 12),
(17, 13),
(17, 14),
(17, 15),
(17, 16),
(17, 17),
(17, 18),
(17, 19),
(17, 20),
(17, 21),
(17, 22),
(17, 23),
(17, 24),
(17, 25),
(17, 26),
(17, 27),
(17, 28),
(17, 29),
(17, 30),
(17, 31),
(17, 32),
(17, 33),
(17, 34),
(17, 35),
(17, 36),
(17, 37),
(17, 38),
(17, 39),
(17, 40),
(17, 41),
(17, 42),
(17, 43),
(17, 44),
(17, 45),
(17, 46),
(17, 47),
(17, 48),
(17, 49),
(17, 50),
(17, 51),
(17, 52),
(17, 53),
(17, 54),
(17, 55),
(17, 56),
(17, 57),
(17, 58),
(17, 59),
(17, 60),
(17, 61),
(17, 62),
(17, 63),
(17, 64),
(17, 65),
(17, 66),
(17, 67),
(17, 68),
(17, 69),
(17, 70),
(17, 71),
(17, 72),
(17, 73),
(17, 74),
(17, 75),
(17, 76),
(17, 77),
(17, 78),
(17, 79),
(17, 80),
(17, 81),
(17, 82),
(17, 83),
(17, 84),
(17, 85),
(17, 86),
(17, 87),
(17, 88),
(17, 89),
(17, 90),
(17, 91),
(17, 92),
(17, 93),
(17, 94),
(17, 95),
(17, 96),
(17, 97),
(17, 98),
(17, 99),
(17, 100),
(17, 101),
(17, 102),
(17, 103),
(17, 104),
(17, 105),
(17, 106),
(17, 107),
(17, 108),
(17, 109),
(17, 110),
(17, 111),
(17, 112),
(17, 113),
(17, 114),
(17, 115),
(17, 116),
(17, 117),
(17, 118),
(17, 119),
(17, 120),
(17, 121),
(17, 122),
(17, 123),
(17, 124),
(17, 125),
(17, 126),
(17, 127),
(17, 128),
(17, 129),
(17, 130),
(17, 131),
(17, 132),
(17, 133),
(17, 134),
(17, 135),
(17, 136),
(17, 137),
(17, 138),
(17, 139),
(17, 140),
(17, 141),
(17, 142),
(17, 143),
(17, 144),
(17, 145),
(17, 146),
(17, 147),
(17, 148),
(17, 149),
(17, 150),
(17, 151),
(17, 152),
(17, 153),
(17, 154),
(17, 155),
(17, 156),
(17, 157),
(17, 158),
(17, 159),
(17, 160),
(17, 161),
(17, 162),
(17, 163),
(17, 164),
(17, 165),
(17, 166),
(17, 167),
(17, 168),
(17, 169),
(17, 170),
(17, 171),
(17, 172),
(17, 173),
(17, 174),
(17, 175),
(17, 176),
(17, 177),
(17, 178),
(17, 179),
(17, 180),
(17, 181),
(17, 182),
(17, 183),
(17, 184),
(17, 185),
(17, 186),
(17, 187),
(17, 188),
(17, 189),
(17, 190),
(17, 191),
(17, 192),
(17, 193),
(17, 194),
(17, 195),
(17, 196),
(17, 197),
(17, 198),
(17, 199),
(17, 200),
(17, 201),
(17, 202),
(17, 203),
(17, 204),
(17, 205),
(17, 206),
(17, 207),
(17, 208),
(17, 209),
(17, 210),
(17, 211),
(17, 212),
(17, 213),
(17, 214),
(17, 215),
(17, 216),
(17, 217),
(17, 218),
(17, 219),
(17, 220),
(17, 221),
(17, 222),
(17, 223),
(17, 224),
(17, 225),
(17, 226),
(17, 227),
(17, 228),
(17, 229),
(17, 230),
(17, 231),
(17, 232),
(17, 233),
(17, 234),
(17, 235),
(17, 236),
(17, 237),
(17, 238),
(17, 239),
(17, 240),
(17, 241),
(17, 242),
(17, 243),
(17, 244),
(17, 245),
(17, 246),
(17, 247),
(17, 248),
(17, 249),
(17, 250),
(17, 251),
(17, 252),
(17, 253),
(17, 254),
(17, 255),
(17, 256),
(17, 257),
(17, 258),
(17, 259),
(17, 260),
(17, 261),
(17, 262),
(17, 263),
(17, 264),
(17, 265),
(17, 266),
(17, 267),
(17, 268),
(17, 269),
(17, 270),
(17, 271),
(17, 272),
(17, 273),
(17, 274),
(17, 275),
(17, 276),
(17, 277),
(17, 278);
INSERT INTO `trip_date` (`trip_id`, `date_id`) VALUES
(17, 279),
(17, 280),
(17, 281),
(17, 282),
(17, 283),
(17, 284),
(17, 285),
(17, 286),
(17, 287),
(17, 288),
(17, 289),
(17, 290),
(17, 291),
(17, 292),
(17, 293),
(17, 294),
(17, 295),
(17, 296),
(17, 297),
(17, 298),
(17, 299),
(17, 300),
(17, 301),
(17, 302),
(17, 303),
(17, 304),
(17, 305),
(17, 306),
(17, 307),
(17, 308),
(17, 309),
(17, 310),
(17, 311),
(17, 312),
(17, 313),
(17, 314),
(17, 315),
(17, 316),
(17, 317),
(17, 318),
(17, 319),
(17, 320),
(17, 321),
(17, 322),
(17, 323),
(17, 324),
(17, 325),
(17, 326),
(17, 327),
(17, 328),
(17, 329),
(17, 330),
(17, 331),
(17, 332),
(17, 333),
(17, 334),
(17, 335),
(17, 336),
(17, 337),
(17, 338),
(17, 339),
(17, 340),
(17, 341),
(17, 342),
(17, 343),
(17, 344),
(17, 345),
(17, 346),
(17, 347),
(17, 348),
(17, 349),
(17, 350),
(17, 351),
(17, 352),
(17, 353),
(17, 354),
(17, 355),
(17, 356),
(17, 357),
(17, 358),
(17, 359),
(17, 360),
(17, 361),
(17, 362),
(17, 363),
(17, 364),
(17, 365),
(18, 1),
(18, 2),
(18, 3),
(18, 4),
(18, 5),
(18, 6),
(18, 7),
(18, 8),
(18, 9),
(18, 10),
(18, 11),
(18, 12),
(18, 13),
(18, 14),
(18, 15),
(18, 16),
(18, 17),
(18, 18),
(18, 19),
(18, 20),
(18, 21),
(18, 22),
(18, 23),
(18, 24),
(18, 25),
(18, 26),
(18, 27),
(18, 28),
(18, 29),
(18, 30),
(18, 31),
(18, 32),
(18, 33),
(18, 34),
(18, 35),
(18, 36),
(18, 37),
(18, 38),
(18, 39),
(18, 40),
(18, 41),
(18, 42),
(18, 43),
(18, 44),
(18, 45),
(18, 46),
(18, 47),
(18, 48),
(18, 49),
(18, 50),
(18, 51),
(18, 52),
(18, 53),
(18, 54),
(18, 55),
(18, 56),
(18, 57),
(18, 58),
(18, 59),
(18, 60),
(18, 61),
(18, 62),
(18, 63),
(18, 64),
(18, 65),
(18, 66),
(18, 67),
(18, 68),
(18, 69),
(18, 70),
(18, 71),
(18, 72),
(18, 73),
(18, 74),
(18, 75),
(18, 76),
(18, 77),
(18, 78),
(18, 79),
(18, 80),
(18, 81),
(18, 82),
(18, 83),
(18, 84),
(18, 85),
(18, 86),
(18, 87),
(18, 88),
(18, 89),
(18, 90),
(18, 91),
(18, 92),
(18, 93),
(18, 94),
(18, 95),
(18, 96),
(18, 97),
(18, 98),
(18, 99),
(18, 100),
(18, 101),
(18, 102),
(18, 103),
(18, 104),
(18, 105),
(18, 106),
(18, 107),
(18, 108),
(18, 109),
(18, 110),
(18, 111),
(18, 112),
(18, 113),
(18, 114),
(18, 115),
(18, 116),
(18, 117),
(18, 118),
(18, 119),
(18, 120),
(18, 121),
(18, 122),
(18, 123),
(18, 124),
(18, 125),
(18, 126),
(18, 127),
(18, 128),
(18, 129),
(18, 130),
(18, 131),
(18, 132),
(18, 133),
(18, 134),
(18, 135),
(18, 136),
(18, 137),
(18, 138),
(18, 139),
(18, 140),
(18, 141),
(18, 142),
(18, 143),
(18, 144),
(18, 145),
(18, 146),
(18, 147),
(18, 148),
(18, 149),
(18, 150),
(18, 151),
(18, 152),
(18, 153),
(18, 154),
(18, 155),
(18, 156),
(18, 157),
(18, 158),
(18, 159),
(18, 160),
(18, 161),
(18, 162),
(18, 163),
(18, 164),
(18, 165),
(18, 166),
(18, 167),
(18, 168),
(18, 169),
(18, 170),
(18, 171),
(18, 172),
(18, 173),
(18, 174),
(18, 175),
(18, 176),
(18, 177),
(18, 178),
(18, 179),
(18, 180),
(18, 181),
(18, 182),
(18, 183),
(18, 184),
(18, 185),
(18, 186),
(18, 187),
(18, 188),
(18, 189),
(18, 190),
(18, 191),
(18, 192),
(18, 193),
(18, 194),
(18, 195),
(18, 196),
(18, 197),
(18, 198),
(18, 199),
(18, 200),
(18, 201),
(18, 202),
(18, 203),
(18, 204),
(18, 205),
(18, 206),
(18, 207),
(18, 208),
(18, 209),
(18, 210),
(18, 211),
(18, 212),
(18, 213),
(18, 214),
(18, 215),
(18, 216),
(18, 217),
(18, 218),
(18, 219),
(18, 220),
(18, 221),
(18, 222),
(18, 223),
(18, 224),
(18, 225),
(18, 226),
(18, 227),
(18, 228),
(18, 229),
(18, 230),
(18, 231),
(18, 232),
(18, 233),
(18, 234),
(18, 235),
(18, 236),
(18, 237),
(18, 238),
(18, 239),
(18, 240),
(18, 241),
(18, 242),
(18, 243),
(18, 244),
(18, 245),
(18, 246),
(18, 247),
(18, 248),
(18, 249),
(18, 250),
(18, 251),
(18, 252),
(18, 253),
(18, 254),
(18, 255),
(18, 256),
(18, 257),
(18, 258),
(18, 259),
(18, 260),
(18, 261),
(18, 262),
(18, 263),
(18, 264),
(18, 265),
(18, 266),
(18, 267),
(18, 268),
(18, 269),
(18, 270),
(18, 271),
(18, 272),
(18, 273),
(18, 274),
(18, 275),
(18, 276),
(18, 277),
(18, 278),
(18, 279),
(18, 280),
(18, 281),
(18, 282),
(18, 283),
(18, 284),
(18, 285),
(18, 286),
(18, 287),
(18, 288),
(18, 289),
(18, 290),
(18, 291),
(18, 292),
(18, 293),
(18, 294),
(18, 295),
(18, 296),
(18, 297),
(18, 298),
(18, 299),
(18, 300),
(18, 301),
(18, 302),
(18, 303),
(18, 304),
(18, 305),
(18, 306),
(18, 307),
(18, 308),
(18, 309),
(18, 310),
(18, 311),
(18, 312),
(18, 313),
(18, 314),
(18, 315),
(18, 316),
(18, 317),
(18, 318),
(18, 319),
(18, 320),
(18, 321),
(18, 322),
(18, 323),
(18, 324),
(18, 325),
(18, 326),
(18, 327),
(18, 328),
(18, 329),
(18, 330),
(18, 331),
(18, 332),
(18, 333),
(18, 334),
(18, 335),
(18, 336),
(18, 337),
(18, 338),
(18, 339),
(18, 340),
(18, 341),
(18, 342),
(18, 343),
(18, 344),
(18, 345),
(18, 346),
(18, 347),
(18, 348),
(18, 349),
(18, 350),
(18, 351),
(18, 352),
(18, 353),
(18, 354),
(18, 355),
(18, 356),
(18, 357),
(18, 358),
(18, 359),
(18, 360),
(18, 361),
(18, 362),
(18, 363),
(18, 364),
(18, 365);

-- --------------------------------------------------------

--
-- Table structure for table `user`
--

CREATE OR REPLACE TABLE `user` (
  `email` varchar(255) NOT NULL,
  `first_name` varchar(255) NOT NULL,
  `last_name` varchar(255) NOT NULL,
  `phone` varchar(255) DEFAULT NULL,
  `img_url` varchar(255) DEFAULT NULL,
  `password` varchar(255) DEFAULT NULL,
  `is_register` int(11) NOT NULL,
  `address` varchar(255) DEFAULT NULL,
  `birthday` datetime(6) DEFAULT NULL
) ENGINE=InnoDB DEFAULT CHARSET=utf8mb4 COLLATE=utf8mb4_general_ci;

--
-- Dumping data for table `user`
--

INSERT INTO `user` (`email`, `first_name`, `last_name`, `phone`, `img_url`, `password`, `is_register`, `address`, `birthday`) VALUES
('admin@gmail.com', 'Admin', 'Tài Khoản', '0357889900', NULL, '$2a$10$J5muEyKKZ/RdHZ07r/8yEOmVjFumgz1UMAMyht/7FChA2ICmTy536', 1, 'An Khánh, Ninh Kiều, Cần Thơ', NULL),
('anhhoang@gmail.com', 'Anh Hoàng', 'Nguyễn Hữu', '0337659836', NULL, '$2a$10$NdkmWru2cZDqqSTQRaZit.foRwN5gv95KLAcsWR3m/EENq.GoxmNS', 1, NULL, NULL),
('anhnam@gmail.com', 'Anh Nam', 'Lê', '0337659824', NULL, '$2a$10$7Ehgr1Le7cb4GPRaQT2eHeE4fXpA7VsToOP8UNYEeuNfdJ2bVLe62', 1, NULL, NULL),
('congbinh@gmail.com', 'Công Bình', 'Nguyễn', '0337659812', NULL, '$2a$10$CgnQkx0FsmR0eGJQoYSIsO8u8oEn6N1.LGpo2D/IqD.gvT6AOuAx.', 1, NULL, NULL),
('duyhuy@gmail.com', 'Duy Huy', 'Mạc', '0337659818', NULL, '$2a$10$EcZKceZR9NGcZdqpMmgE0uPJN3yY0ka0N4PkIxq2qdFfAjMAiAT.G', 1, NULL, NULL),
('duyhuynh@gmail.com', 'Duy Huỳnh', 'Đỗ', '0337659835', NULL, '$2a$10$PSgznl.ADkXCcgvETLD1F.74ZqoTVe0AeS7VdFuzjJltzDsswrYnW', 1, NULL, NULL),
('employee@gmail.com', 'Nhân Viên', 'Tài khoản', '0456456456', NULL, '$2a$10$OCyyZ9/kGaAY8UA6ibe98O4hqKMqDhVd3uSMU/Mi7CmxLTPtGd6n6', 1, NULL, NULL),
('giathinh@gmail.com', 'Gia Thịnh', 'Phạm', '0337659831', NULL, '$2a$10$b8oVyKFacZ1Iz2gVRc2ILumA7DQ8h4h1doViqLOjbRDIkueK/ar6W', 1, NULL, NULL),
('hoangduy@gmail.com', 'Hoàng Duy', 'Nguyễn', '0337659826', NULL, '$2a$10$vPyVG.SViAarViDutojcye2fhRxcjesUFKAnRqoYzeT3T9h3SvJBm', 1, NULL, NULL),
('hoangthang@gmail.com', 'Hoàng Thang', 'Tống', '0337659827', NULL, '$2a$10$9.icB2..FWkqbQiSur6XfueJTyAftuLthPXMG66B.Xgs4..XMzNWC', 1, NULL, NULL),
('hoathu@gmail.com', 'Hoa Thu', 'Ôn', '0337659820', NULL, '$2a$10$oEFz0sCMiVsjU8KG3BdIF.nn82B5IfSpenE96y6AYZsJIeCuJIM5K', 1, NULL, NULL),
('hongson@gmail.com', 'Hồng Sơn', 'Phan', '0337659821', NULL, '$2a$10$W9W7mUhxwsbqUhJt06r8C.4CsucPhiwwa9Wu1AQSJRQUzUTocw3SS', 1, NULL, NULL),
('huulong@gmail.com', 'Hữu Long', 'Phí', '0337659830', NULL, '$2a$10$3.zSDhl6J59GA2eriGkUcuhTvZrvyvd3B.4zi0WU6j6nk5Nj/TCFW', 1, NULL, NULL),
('huutri@gmail.com', 'Hữu Trí', 'Nguyễn', '0337659833', NULL, '$2a$10$/oP9xYgrPjGuOQCaS2zjcueJarCIOsCpy88ZVzOfH4GM9pKJi1Xoy', 1, NULL, NULL),
('huyphuoc@gmail.com', 'Huy Phước', 'Phạm', '0337659817', NULL, '$2a$10$mM9LikGDyRaXMReyKa7IwuNDCVh2iZzy2eWHzqzqiPS/JbPw7MWPu', 1, NULL, NULL),
('khanh@gmail.com', 'Gia Khánh', 'Lâm', '0337659811', NULL, '$2a$10$Sd/9LXuzXy5dN2ugVBQZ9elUyBN/4jniwBGO0gesL7TZKekZOtSha', 1, NULL, NULL),
('luuthienviet@gmail.com', 'Thiện Việt', 'Lưu', '0337659832', NULL, '$2a$10$fXkCivubsOXwZ91GUx/5CevZzMTYA9TOSAseTOuKv0KfbOr2yJ31O', 1, NULL, NULL),
('ngoc@gmail.com', 'Đức Ngọc', 'Cao', '0337659810', NULL, '$2a$10$BAgZTqLDyzXcezmnsyAgxOFHABV66ZjgwIhl5jXa6Ah17YtpCzwfK', 1, NULL, NULL),
('nhatlinh@gmail.com', 'Nhật Linh', 'Hoàng', '0337659825', NULL, '$2a$10$bGm0.51xbfP8apCvS4UcYO/rb6Q4YXLASRdTvvQdh9bYlj4gbHMze', 1, NULL, NULL),
('phamanh@gmail.com', 'Phạm Anh', 'Võ Đặng ', '0337659816', NULL, '$2a$10$qsbFE9Jcxx/fDfar3LwX/.NEnzVnY7Stb6pAhwBLiVe7gTqgqneu6', 1, NULL, NULL),
('phonghao@gmail.com', 'Phong Hào', 'Nguyễn', '0337659823', NULL, '$2a$10$z17gWD0kC2SXvqyzWuEHhe8zI2HLBlXd0e9/SsV5GoKPD2oHkk7FG', 1, NULL, NULL),
('quocdat@gmail.com', 'Quốc Đạt', 'Phan Trần', '0337659812', NULL, '$2a$10$PD9E/4AXitZiANQl.rNJ3eqaXroe4tzWKiAbYcn6f7YBlH08e3oXG', 1, NULL, NULL),
('quochai@gmail.com', 'Quốc Hải', 'Lương', '0337659827', NULL, '$2a$10$S3xKAvhbDHW/KC9GkRQQ2eEaquwwy2GFuMDpK.0PKVs7C1Nr/obV2', 1, NULL, NULL),
('sibe@gmail.com', 'sibe', 'ha', '0337659813', NULL, '$2a$10$2nOTVRuw4kIxekfX4ESlNe8OVQEs0YP4KtQaVV1lmBI0WrslS22YG', 1, NULL, NULL),
('thaike@gmail.com', 'Thái Kế', 'Đặng', '0337659834', NULL, '$2a$10$lIVU.56Vzi5W.Q9pxgBMwOxkaLCUurXRDKD6WNHY49ct1jPZ3Aa7S', 1, NULL, NULL),
('thaitrieu@gmail.com', 'Thái Triệu', 'Lưu ', '0337659814', NULL, '$2a$10$XvVMv9UBhPO26qAJJmFBH.bFssIoX9QYyGAaZ1i9t7wdFns9aW13u', 1, NULL, NULL),
('thanhlam@gmail.com', 'Thành Lâm', 'Trương', '0337659837', NULL, '$2a$10$jkkj8DO5JCWBp0R97JfiMu0wZaDm5XWpqKeF3JqVgSEg1t90omWe6', 1, NULL, NULL),
('thienviet@gmail.com', 'Thiện Việt', 'Lưu', '0337659838', NULL, '$2a$10$qm4GGsrp4d56xiO6eaPKpuzjSLeNeixH89PMbVGqAjiqeW3FHLQgu', 1, NULL, NULL),
('tuankhoa@gmail.com', 'Tuấn Khoa', 'Nguyễn', '0337659828', NULL, '$2a$10$pI83IBAYE.C1RPiHJllSEexu7G53fKqSi1mY4CXJZ2xXSosIomXxO', 1, NULL, NULL),
('user@gmail.com', 'Hành Khách', 'Tài khoản', '0789789789', NULL, '$2a$10$A01fmNfEGa6nPzFOIpkeU.DjvTv.A7aF3JVC9Ny4W26qwG7RgYI06', 1, NULL, NULL),
('vanphap@gmail.com', 'Văn Pháp', 'Đổng', '0337659819', NULL, '$2a$10$t1ht93Yh7Xwceurye2ixgenYAkQW6f0boO6F.FS3xdWG4zO5bgcy.', 1, NULL, NULL),
('vantra@gmail.com', 'Văn Trà', 'Trần', '0337659829', NULL, '$2a$10$sB01VJqHKoD3Rgfnc0RdtewiW6oEknZHlO5uOxQ01Dz/ajnT58LVW', 1, NULL, NULL),
('vantruongved02@gmail.com', 'Văn Trường', 'Trần', '0357998010', NULL, '$2a$10$8uamHjyDIykyMIPMDFgDfuECT/lvsn7lNy7ITc7uoRDFFzy7erDU2', 1, NULL, NULL),
('xuanphu@gmail.com', 'Xuân Phú', 'Dinh', '0337659822', NULL, '$2a$10$Ti82go8IQ4MPcf/jzBseh.CC1JB.H2DcibUlwlggjyUXJO324HIPG', 1, NULL, NULL);

--
-- Indexes for dumped tables
--

--
-- Indexes for table `bus`
--
ALTER TABLE `bus`
  ADD PRIMARY KEY (`bus_id`),
  ADD UNIQUE KEY `license_plate` (`license_plate`),
  ADD KEY `FK_BUS_THUOC_LOA_BUSTYPE` (`type_id`);

--
-- Indexes for table `bus_type`
--
ALTER TABLE `bus_type`
  ADD PRIMARY KEY (`type_id`);

--
-- Indexes for table `dates`
--
ALTER TABLE `dates`
  ADD PRIMARY KEY (`date_id`);

--
-- Indexes for table `driver`
--
ALTER TABLE `driver`
  ADD PRIMARY KEY (`driver_id`),
  ADD KEY `FK_DRIVER_TAI_XE2_USER` (`email`);

--
-- Indexes for table `driver_bus`
--
ALTER TABLE `driver_bus`
  ADD PRIMARY KEY (`driver_id`),
  ADD KEY `bus_id` (`bus_id`);

--
-- Indexes for table `location`
--
ALTER TABLE `location`
  ADD PRIMARY KEY (`location_id`),
  ADD UNIQUE KEY `location_name` (`location_name`,`location_code`);

--
-- Indexes for table `reset_password`
--
ALTER TABLE `reset_password`
  ADD PRIMARY KEY (`reset_pwd_id`),
  ADD KEY `email` (`email`);

--
-- Indexes for table `role`
--
ALTER TABLE `role`
  ADD PRIMARY KEY (`role_id`);

--
-- Indexes for table `role_user`
--
ALTER TABLE `role_user`
  ADD PRIMARY KEY (`role_id`,`email_user`),
  ADD KEY `role_id` (`role_id`,`email_user`),
  ADD KEY `fk_user_role` (`email_user`);

--
-- Indexes for table `route`
--
ALTER TABLE `route`
  ADD PRIMARY KEY (`route_id`),
  ADD KEY `origin_id` (`origin_id`,`destination_id`),
  ADD KEY `fk_destination_location` (`destination_id`);

--
-- Indexes for table `route_point`
--
ALTER TABLE `route_point`
  ADD PRIMARY KEY (`point_id`),
  ADD KEY `location_id` (`location_id`);

--
-- Indexes for table `seat`
--
ALTER TABLE `seat`
  ADD PRIMARY KEY (`seat_id`),
  ADD UNIQUE KEY `seat_code` (`seat_code`);

--
-- Indexes for table `ticket`
--
ALTER TABLE `ticket`
  ADD PRIMARY KEY (`ticket_id`),
  ADD KEY `email` (`email`,`trip_id`,`pick_up_location`),
  ADD KEY `fk_ticket_trip` (`trip_id`),
  ADD KEY `fk_ticket_pickup` (`pick_up_location`);

--
-- Indexes for table `ticket_seat`
--
ALTER TABLE `ticket_seat`
  ADD PRIMARY KEY (`ticket_id`,`seat_id`),
  ADD KEY `ticket_id` (`ticket_id`,`seat_id`),
  ADD KEY `fk_seat_ticket` (`seat_id`);

--
-- Indexes for table `trip`
--
ALTER TABLE `trip`
  ADD PRIMARY KEY (`trip_id`),
  ADD KEY `route_id` (`route_id`,`bus_id`),
  ADD KEY `fk_trip_bus` (`bus_id`);

--
-- Indexes for table `trip_date`
--
ALTER TABLE `trip_date`
  ADD PRIMARY KEY (`trip_id`,`date_id`),
  ADD KEY `trip_id` (`trip_id`,`date_id`),
  ADD KEY `fk_tripdate_date` (`date_id`);

--
-- Indexes for table `user`
--
ALTER TABLE `user`
  ADD PRIMARY KEY (`email`);

--
-- AUTO_INCREMENT for dumped tables
--

--
-- AUTO_INCREMENT for table `dates`
--
ALTER TABLE `dates`
  MODIFY `date_id` int(11) NOT NULL AUTO_INCREMENT, AUTO_INCREMENT=366;

--
-- AUTO_INCREMENT for table `reset_password`
--
ALTER TABLE `reset_password`
  MODIFY `reset_pwd_id` int(11) NOT NULL AUTO_INCREMENT, AUTO_INCREMENT=16;

--
-- AUTO_INCREMENT for table `trip`
--
ALTER TABLE `trip`
  MODIFY `trip_id` int(11) NOT NULL AUTO_INCREMENT, AUTO_INCREMENT=20;

--
-- Constraints for dumped tables
--

--
-- Constraints for table `bus`
--
ALTER TABLE `bus`
  ADD CONSTRAINT `fk_bus_type` FOREIGN KEY (`type_id`) REFERENCES `bus_type` (`type_id`);

--
-- Constraints for table `driver`
--
ALTER TABLE `driver`
  ADD CONSTRAINT `fk_driver_user` FOREIGN KEY (`email`) REFERENCES `user` (`email`);

--
-- Constraints for table `driver_bus`
--
ALTER TABLE `driver_bus`
  ADD CONSTRAINT `fk_bus_driver` FOREIGN KEY (`bus_id`) REFERENCES `bus` (`bus_id`),
  ADD CONSTRAINT `fk_driver_bus` FOREIGN KEY (`driver_id`) REFERENCES `driver` (`driver_id`);

--
-- Constraints for table `reset_password`
--
ALTER TABLE `reset_password`
  ADD CONSTRAINT `fk_reset_pwd_user` FOREIGN KEY (`email`) REFERENCES `user` (`email`);

--
-- Constraints for table `role_user`
--
ALTER TABLE `role_user`
  ADD CONSTRAINT `fk_role_user` FOREIGN KEY (`role_id`) REFERENCES `role` (`role_id`),
  ADD CONSTRAINT `fk_user_role` FOREIGN KEY (`email_user`) REFERENCES `user` (`email`);

--
-- Constraints for table `route`
--
ALTER TABLE `route`
  ADD CONSTRAINT `fk_destination_location` FOREIGN KEY (`destination_id`) REFERENCES `location` (`location_id`),
  ADD CONSTRAINT `fk_origin_location` FOREIGN KEY (`origin_id`) REFERENCES `location` (`location_id`);

--
-- Constraints for table `route_point`
--
ALTER TABLE `route_point`
  ADD CONSTRAINT `fk_route_point_location` FOREIGN KEY (`location_id`) REFERENCES `location` (`location_id`);

--
-- Constraints for table `ticket`
--
ALTER TABLE `ticket`
  ADD CONSTRAINT `fk_ticket_email` FOREIGN KEY (`email`) REFERENCES `user` (`email`),
  ADD CONSTRAINT `fk_ticket_pickup` FOREIGN KEY (`pick_up_location`) REFERENCES `route_point` (`point_id`),
  ADD CONSTRAINT `fk_ticket_trip` FOREIGN KEY (`trip_id`) REFERENCES `trip` (`trip_id`);

--
-- Constraints for table `ticket_seat`
--
ALTER TABLE `ticket_seat`
  ADD CONSTRAINT `fk_seat_ticket` FOREIGN KEY (`seat_id`) REFERENCES `seat` (`seat_id`),
  ADD CONSTRAINT `fk_ticket_seat` FOREIGN KEY (`ticket_id`) REFERENCES `ticket` (`ticket_id`);

--
-- Constraints for table `trip`
--
ALTER TABLE `trip`
  ADD CONSTRAINT `fk_trip_bus` FOREIGN KEY (`bus_id`) REFERENCES `bus` (`bus_id`),
  ADD CONSTRAINT `fk_trip_route` FOREIGN KEY (`route_id`) REFERENCES `route` (`route_id`);

--
-- Constraints for table `trip_date`
--
ALTER TABLE `trip_date`
  ADD CONSTRAINT `fk_tripdate_date` FOREIGN KEY (`date_id`) REFERENCES `dates` (`date_id`),
  ADD CONSTRAINT `fk_tripdate_trip` FOREIGN KEY (`trip_id`) REFERENCES `trip` (`trip_id`);
COMMIT;

/*!40101 SET CHARACTER_SET_CLIENT=@OLD_CHARACTER_SET_CLIENT */;
/*!40101 SET CHARACTER_SET_RESULTS=@OLD_CHARACTER_SET_RESULTS */;
/*!40101 SET COLLATION_CONNECTION=@OLD_COLLATION_CONNECTION */;
